"id","category_id","category_name"
1,1,"Exhibit"
2,2,"Modular"
3,3,"Display"
4,46051,""
5,46057,""
6,34,"Featured Products"
7,51,"Banner Stands"
8,60,"Tabletop Displays"
9,61,"Sign Holders & Displays"
10,63,"Accessories"
11,69,"10x10 Trade Show Displays"
12,70,"10x20 Trade Show Displays"
13,71,"20x20 Trade Show Displays and Booths"
14,86,"Hanging Banners & Signs"
15,148,"Fabric Display"
16,159,"Counters & Podiums"
17,161,"Shipping & Display Cases"
18,187,"Outdoor Event Party Displays"
19,275,"Tower Displays"
20,739,"Showroom Displays"
21,1291,"TV, iPad & Tablet Stands"
22,1309,"Motorized Turntables & Ceiling Motors"
23,1604,"Digital Kiosks"
24,1963,"Backlit Illuminated Displays"
25,1967,"Modular Fabric Light Box Displays"
26,2014,"Custom Exhibits & Displays"
27,7260,"10x30 Trade Show Displays"
28,7565,"Design Services"
29,7695,"Lumiere Backlit Displays"
30,8142,"Backlit Embrace Tension Fabric Displays"
31,8143,"Igniter Backlit  Light Box Displays"
32,8146,"VAIL Backlit SEG Fabric Frames"
33,9736,"WaveLight LED Backlit Displays"
34,10284,"Our Work"
35,11508,"Step & Repeat Banner Displays"
36,15466,"HOLD"
37,31205,"One Choice"
38,33728,"Wavelight Displays"
39,33729,"Wavelight Tower"
40,33730,"Wavelight Counter"
41,33731,"SEG Displays"
42,33732,"Lumiere Displays"
43,33733,"Pop-Up Displays"
44,33734,"SEG Fabric Displays"
45,33735,"EZ Fabric Displays"
46,33736,"Formulate Displays"
47,33737,"Waveline Displays"
48,33738,"4-Sided Box Displays"
49,33740,"Hanging Banner"
50,33741,"Retractable Banners"
51,33742,"Tension Fabric Banners"
52,33743,"Outdoor Banners"
53,33744,"Custom Exhibits"
54,33745,"Custom Booth Designs"
55,33746,"Backlit Wavelight Towers"
56,33747,"Fabric Arches"
57,33748,"Fabric Towers"
58,33750,"Waveline Counters"
59,33751,"Custom Case to Counters"
60,33752,"Printed Table Throw"
61,33753,"Table Top Fabric Displays"
62,46048,"Flooring"
63,46070,"LED Video Walls"
64,46075,"8ft Trade Show Displays"
65,46082,"Timberline Exhibits"
66,46183,"Sego8 Displays"
67,46186,"Client Exhibits On Display"
68,141,"Truss Trade Show Exhibits"
69,149,"Formulate Tension Fabric Displays"
70,171,"Slim Tension Fabric Displays"
71,223,"Waveline BrandStand Tension Fabric Displays"
72,260,"Backdrops & Backwalls"
73,401,"Backlit Displays"
74,1304,"Wave Tube Tension Fabric Displays"
75,1653,"SEG Tension Fabric Displays"
76,1660,"EuroFit Tension Fabric Displays"
77,1972,"Waveline Makitso Tension Fabric Displays"
78,2009,"EZ Tube Fabric Displays"
79,4011,"Merchandiser Exhibits"
80,6041,"4-Sided Tension Fabric Displays"
81,7942,"Modulate Tension Fabric Displays"
82,21880,"Vector Frame SEG Displays"
83,24605,"Pop-Up Tension Fabric Displays"
84,25931,"Hybrid Modular Exhibits"
85,34578,"Backlit WaveLight Casonara Displays"
86,121,"Retractable Banner Stands"
87,122,"Telescopic Retail Banner Stands"
88,125,"Telescopic Banner Stand Displays"
89,183,"Outdoor Banner Stands"
90,268,"Accessories"
91,743,"Boulevard Banners Brackets"
92,1327,"Tension Fabric Banner Stands"
93,8079,"Banner Stand - Replacement Graphics"
94,8080,"Banner Stand - Hardware Only"
95,11879,"X Frame & L Frame Banner Stands"
96,30217,"TableTop Banner Stand Displays"
97,30233,"Crowd Control Barriers"
98,46099,"FrameWorx Banner Stands"
99,1315,"Circle Hanging Banner Displays (Replacement Graphics)"
100,1328,"Circle Hanging Banner Displays (Hardware Only)"
101,1683,"05ft Diameter Circle Hanging Banner Displays"
102,1684,"06ft Diameter Circle Hanging Banner Displays"
103,1685,"08ft Diameter Circle Hanging Banner Displays"
104,1686,"10ft Diameter Circle Hanging Banner Displays"
105,1687,"12ft Diameter Circle Hanging Banner Displays"
106,1688,"14ft Diameter Circle Hanging Banner Displays"
107,1689,"16ft Diameter Circle Hanging Banner Displays"
108,1690,"18ft Diameter Circle Hanging Banner Displays"
109,1691,"20ft Diameter Circle Hanging Banner Displays"
110,1692,"15ft Diameter Circle Hanging Banner Displays"
111,11137,"03ft & 4ft Diameter Circle Hanging Banner Displays"
112,1319,"Square Hanging Banners - Replacement Graphics"
113,1457,"Square Hanging Banners - Hardware Only"
114,1702,"05ft wide Square Hanging Banner Displays"
115,1703,"08ft wide Square Hanging Banner Displays"
116,1704,"10ft wide Square Hanging Banner Displays"
117,1705,"12ft wide Square Hanging Banner Displays"
118,1706,"14ft wide Square Hanging Banner Displays"
119,1707,"15ft wide Square Hanging Banner Displays"
120,1708,"16ft wide Square Hanging Banner Displays"
121,1709,"18ft wide Square Hanging Banner Displays"
122,1710,"20ft wide Square Hanging Banner Displays"
123,1615,"Tapered Square Banner Hanging Signs Replacement Fabric"
132,77,"10ft Triangle Hanging Banner Displays"
135,1329,"Triangle Hanging Banners Hardware"
144,265,"12ft x 6ft Rectangle Hanging Banner Displays"
153,30014,"Multi-Panel Fabric Displays"
162,188,"Outdoor Signs"
171,22817,"Drop In Frames"
180,2635,"Printing - Custom"
190,8217,"Truss Exhibits"
199,14477,"Truss Exhibits"
209,46106,"Modular Exhibits"
219,54,"Square (Tapered) Banner Hanging Displays"
229,740,"Ellipse Overhead Hanging Signs"
239,884,"Hanging Accessories"
249,155,"40-49in Retractable Banner Stands"
259,1629,"Hardware Only"
269,145,"Molded Freight Shipping Cases for Truss Exhibits"
279,1636,"Hardware for Hopup Displays"
289,914,"Fusion 20x20 Tension Fabric Exhibits"
299,30151,"Formulate Backlit Displays"
309,167,"Case to Counter Kits"
319,29947,"Hybrid Pro Kit Modular Counters"
329,163,"Banner Stand Lighting"
339,501,"EuroFit Tension Fabric Displays"
349,1664,"Hardware Only"
359,15463,"5ft, 6ft & 8ft Custom Tents"
369,1297,"Waveline Replacement Fabric Only"
379,46049,"All Waveline Kits"
381,132,"Carry Bags & Hard Cases for Banner Stands"
391,10708,"Blimp Tower Displays"
401,286,"8' (3x3) Xpressions SNAP Pop Up Fabric Displays"
411,399,"Xpressions Express Kits"
419,30307,"Backlit Tabletop Displays"
429,1485,"Ellipse Hanging Banner Display Replacement Graphics"
439,34151,"Vector Frame Hanging Light Boxes (Replaced by Blaze)"
449,1486,"Football Hanging Banner Display Replacement Graphic"
459,762,"Stock Classic Cases"
475,773,"Solo Standard System"
485,896,"Replacement Graphic for Igniter Light Box Displays"
495,34519,"Show 'N Write Tabletop Panel Displays (Graphic Only)"
505,1305,"8ft  Wave Tube Tension Fabric Displays"
515,1310,"Trade Show Turntables"
525,22016,"Zoom Flag Accessories"
535,7562,"Brandcusi Fabric Banner Stand by Makitso"
545,1332,"Splash Fabric Displays Hardware"
555,1477,"Replacement Graphic for Classic Tahoe Displays"
565,21119,"Digital Kiosks - LG Displays"
575,8076,"50"" Makitso Blade Kiosks"
585,2010,"2ft EZ Extend"
595,7938,"Embrace SEG Tension Fabric Displays"
605,46124,"Ultralite SEG Displays"
615,20806,"Displays Accessories"
625,45492,"hold"
635,1286,"Show 'N Write Tabletop Panel Displays"
645,7563,"Brandcusi 3D Fabric Banner Stands"
655,34584,"Backlit WaveLight Casonara Hanging Banners"
665,1983,"Hardware only for Embrace Popup Tabletop Displays"
675,34510,"EZ Tube Displays (Graphic Only)"
685,3478,"OneFabric Pop Up - Replacement Graphic"
695,4665,"Replacement Graphic for Waveline Merchandisers"
705,6518,"Monolith Tension Fabric Displays - Hardware Only"
715,6953,"EZ Fabric Counters - Hardware Only"
725,85,"Structured Modular Exhibits"
735,7689,"48in Tabletop Silverstep Banner Stands"
745,22148,"Free Standing VAIL Frames"
755,6889,"Replacement Graphic for 20 ft Makitso Waveline Media Displays"
765,8228,"Rotating Ceiling Display Motors"
780,16204,"10x10 Tent Canopy Only"
793,20009,"Rectangle Flags Replacement Graphic Only"
803,34155,"Vector Frame Modular Towers"
813,20993,"Ultra-Thin Wall Mounted Profiles (40S)"
823,22826,"Aisle Markers & Rail Systems (Aisle Markers, Rail)"
833,13229,"Vector Frame Backlit Displays"
843,34078,"Infinity DNA Pro Backlit Displays"
853,46173,"BrightLine Backlit Displays"
863,3359,"OneFabric Pop-Up Displays"
873,1474,"Tahoe Twistlock"
883,29223,"10 x 10 Hybrid Pro Kit Modular Displays"
893,33020,"Impress Displays"
903,1613,"3D Snap Fabric Table Top Displays"
913,746,"EZ Tube Tabletop Displays"
923,31203,"Satellite Exhibits (Graphic Only)"
933,33014,"Inflatable Trade Show Furniture"
943,1623,"Orbital Express Truss Back Walls Replacement Graphic"
953,34522,"EZ Tube Configuration Displays (Graphic Only)"
963,34526,"EZ Tube Connect Configuration Panels (Hardware Only)"
973,45493,"Protection Walls & Barriers"
983,46116,"10x10 Carpet"
993,46072,"Church LED Walls"
1003,46104,"Multi-Panel Displays"
1013,46123,"LUCID Modular Lightbox Connectors"
1023,46134,"Blaze Freestanding Light Boxes Replacement Graphic"
1033,46147,"VAIL Free Standing SEG Displays (180mm Profile) - Graphic Only"
1043,46165,"Pascale Displays Replacement Graphic"
1053,46189,"Sego8 Modular Lightbox Display (Hardware Only)"
127,1455,"Tapered Circle Hanging Banner Replacement Graphics"
137,1721,"16ft Triangle Hanging Banner Displays"
146,893,"14ft x 7ft Rectangle Hanging Banner Displays"
155,30016,"Slim Tabletop Displays"
164,791,"Slatwall Stands"
173,22825,"Hanging Graphic Hardware"
183,33013,"Inflatable Trade Show Furniture"
182,46,"Exhibits & Displays"
192,11753,"Backwall Banner Stands"
201,21950,"SEG Tension Fabric Displays"
208,32368,"Standard Truss Exhibits"
211,273,"Coyote Full Mural Graphics Popup Displays"
218,53,"Square (Quad) Overhead Hanging Signs"
221,56,"Circle (Tapered) Overhead Hanging Signs"
228,545,"Panel (Curved) Overhead Hanging Signs"
231,750,"Football Overhead Hanging Signs"
238,790,"Rotating Motors for Hanging Displays & Signs"
241,1671,"Backlit Overhead Hanging Signs"
248,154,"30-39in Retractable Banner Stands"
251,1461,"Retractable Banner Stand Hardware"
258,12127,"hold"
261,11322,"Backwall Banner Stand Displays - Replacement Graphic Only"
268,144,"20 x 20 Orbital Express Truss Exhibits"
271,267,"Orbital Express Truss Backwalls"
278,140,"Tabletop Hopup Displays"
281,1638,"Hopup Backwall Displays"
288,913,"hold"
291,1634,"Formulate Display Replacement Fabric Print Only"
298,1978,"Formulate Essential Banner Displays"
301,894,"4ft Custom Table Throws"
308,46060,"Unprinted Table Throws"
311,903,"Counter Kiosks w/ TV Monitor Mounts"
318,21625,"Structured Custom Counters"
321,34527,"Vector Frame & Linear Counters"
328,162,"Displays and Exhibits Lighting"
331,169,"Hard Displays Cases"
338,764,"Stock Cases for Business and Travel"
341,504,"Formulate Tension Fabric Displays"
348,1663,"Graphic Only"
351,1314,"Flag Accessories"
358,1459,"Over The Top Tabletop Displays"
361,15712,"15ft & 20ft Custom Tents"
368,888,"Waveline Merchandiser Displays"
371,1299,"8ft & 10ft Waveline Tension Fabric Displays"
378,46041,"Waveline Tabletop Exhibits"
382,133,"Spot Lights for Banner Stand"
389,1610,"Backlit Tower Displays"
392,10709,"Arches & Conference Walls"
399,284,"5' (2x2) Xpressions SNAP Pop Up Fabric Displays"
402,287,"4X3 Metric Xpressions SNAP Pop Up Fabric Displays"
409,297,"16' Projector Xpressions SNAP Pop Up Displays"
412,7564,"Replacement Graphic for Xpressions Snap Displays"
420,1651,"Disc Hanging Banner Displays Frame Only"
422,1665,"Panel Hanging Sign Hardware"
430,1600,"Tapered Triangle Trio Hanging Banner Displays Hardware Only"
432,1962,"Vector Frame Backlit Displays"
440,34152,"Vector Frames Fabric Counters"
442,46039,"Vector Frame Monitor Kiosk"
450,1598,"Replacement Fabric for Curved Triangle Hanging Signs"
452,1472,"Replacement Fabric for Curved Square (Quad)"
462,766,"Omni Display Panel Case"
460,763,"Stock Tool Boxes"
467,775,"Accessories"
470,778,"Solo Modular Counter  Service Stations"
477,1700,"Replacement Graphic for Pinwheel Four-Sided Hanging Banner Displays"
480,46184,"Pyramid Overhead Hanging Signs Replacement Graphics"
487,28840,"Fusion Replacement Graphics"
490,8215,"10 x 20 Custom Truss Designs"
497,1303,"Micro GeoMetrix Displays Replacement Graphics"
500,516,"Replacement Graphics"
507,1307,"20ft Wave Tube Tension Fabric Displays"
510,33339,"Hardware Only"
517,1312,"Hanging Rotators"
520,8225,"Vue-More Turntables"
527,18101,"Variable Speed Packages"
530,1670,"Cube Shaped Hanging Banner Replacement Fabric"
537,7953,"hold"
540,33007,"Aspen Onyx Tension Fabric Banners"
547,1335,"Splash Fabric Table Top Hardware"
550,30303,"Over The Top Tabletop Displays (Graphic & Hadrware)"
557,1603,"3D Snap Fabric Display Replacement Graphics"
560,1606,"Digital Kiosks - Makitso Blade"
567,30316,"Animated Displays"
570,46090,"Programmable LED Signs"
577,8078,"65"" Makitso Blade Kiosks"
580,1620,"EZ Tube Extend Banner Stand Display Replacement Fabric Only"
587,2012,"4ft EZ Extend"
590,742,"Vector Frame Fabric Displays"
597,30308,"Verge SEG Displays"
600,46042,"QSEG Quick Wall Displays"
607,46169,"BrightLine & StraightLine Displays"
610,1654,"Fabric Frame Accessories"
617,30224,"EuroFit Tension Fabric Banners"
620,30227,"Hanging Signs"
627,1695,"Replacement Graphic for Eye Shaped Hanging Banner Displays"
630,786,"Replacement Graphic for Rounded Square Hanging Signs"
637,2015,"20ft Waveline Media Displays"
640,6583,"Waveline Merchandiser Exhibits"
647,7937,"Replacement Graphic Only"
650,22278,"Waveline Air Inflatable Bench"
657,1984,"Replacement Embrace Graphics"
660,7951,"Backlit Embrace SEG Displays"
667,745,"EZ Tube Tension Fabric Displays"
670,7441,"EZ Tube Fabric Towers"
677,34521,"EZ Tube Connect Displays"
680,8713,"Custom Truss Exhibits"
687,4189,"Alpine Merchandiser Booths"
690,7023,"Waveline Merchandiser Displays"
697,5685,"Hardware Only"
700,1464,"Wallbox Tension Fabric Displays"
707,6584,"Waveline Merchandisers - Hardware"
710,6521,"Waveline Backdrops & Panels"
717,5625,"Replacement Graphic Only"
720,31652,"Case to Podium Replacement Graphics"
727,14480,"Slim Tension Fabric Displays"
126,1480,"Pinwheel Hanging Banner Displays Replacement Fabric"
140,261,"10ft x 5ft Rectangle Hanging Banner Displays"
149,151,"Custom Table Throws & Runners"
158,66,"Sign and Graphic Floor Stands"
167,883,"Hanging  Sign Holders & Frames"
176,22837,"Accessories (Brochure Holders, Frame Accessories, SignHolder Grippers)"
186,8210,"Multi-Panel Displays"
195,10710,"Pop-Up Backwall Displays"
202,28969,"Custom Truss & Modular Exhibits"
212,276,"Pop UP Displays - Coyote Accessory"
222,57,"Triangle (Trio) Overhead Hanging Signs"
232,751,"Triangle (Curved Trio) Overhead Hanging Signs"
242,1693,"Eye Shaped Overhead Hanging Signs"
252,1463,"Replacement Banners Only"
262,11445,"Backwall Banner Stand Displays - Hardware Only"
272,1285,"Custom Orbital Express Truss Exhibit Designs"
282,30084,"Backlit Hopup Displays"
292,1676,"10ft Formulate Designer Series Displays"
302,895,"Round Custom Table Throws"
312,1635,"Large Trade Show Counters"
322,46035,"Solo Trade Show Counters"
332,170,"Freight Molded Cases"
342,505,"Modulate Tension Fabric Displays"
352,18775,"Feather Flags"
362,15774,"Tent Accessories"
372,1300,"20ft Waveline Tension Fabric Displays"
383,915,"Directors Chairs & Stools"
393,46063,"Stackable 3D Shapes"
403,289,"10' Xpressions SNAP Displays"
413,7935,"Xpressions Snap Displays - Hardware Only"
423,1666,"Replacement Fabric for Panel Hanging Sign"
433,1964,"Replacement Graphics"
443,46101,"Vector Frame Edge Fabric Posters"
453,1473,"Hardware Only for Curved Square (Quad)"
463,68,"Xclaim Fabric Popup Displays Hardware Only"
471,779,"Solo Modular Counter Display Cases"
481,46185,"Pyramid Overhead Hanging Signs Replacement Hardware"
491,8216,"20 x 20 Custom Truss Designs"
501,518,"Hardware Only"
511,33340,"Wave Tube Counters"
521,15278,"Outdoor Turntables"
531,274,"Brandcusi Fabric Banner Stand"
541,33012,"EuroFit Tension Fabric Banners"
551,1465,"Replacement Graphic for Wallbox Fabric Displays"
561,1607,"Media Displays with TV Mounts"
571,46128,"Outdoor Digital Kiosks"
581,33883,"2ft EZ Extend"
591,899,"Igniter Backlit Displays"
601,46047,"Charisma SEG Displays"
611,1655,"ASPEN Fabric Frames Replacement Fabric Only"
621,30228,"Tabletop Displays"
631,1680,"Rounded Corner Square Hanging Banner Displays Hardware Only"
641,6885,"Waveline Media Packages"
651,29425,"Blimp Tower"
661,30215,"Embrace Tabletop Displays"
671,7502,"EZ Tube Tabletop Displays"
681,8714,"Custom Modular Exhibits"
691,10162,"EuroFit Cascade and Evolution Merchandiser Displays"
701,6517,"Monolith Tension Fabric Displays"
711,6888,"Waveline Tension Fabric Displays by Makitso - Packages"
721,6957,"Backlit Lumiere Light Wall Displays"
730,21951,"SEG Tension Fabric Displays"
731,7685,"24in Silverstep Banner Stands"
740,7755,"Silverstep Banner Stands - Hardware Only"
741,7756,"Silverstep Banner Stands - Graphic Only"
750,6886,"Waveline Tension Fabric Displays by Makitso - Hardware"
751,6890,"20 ft Waveline Media Displays by Makitso - Hardware Only"
760,7948,"Modulate Fabric Displays - Replacement Graphic"
761,7949,"Modulate Fabric Displays - Hardware Only"
770,14157,"10x30 Custom Modular Exhibits"
771,14158,"20x20 Custom Modular Exhibits"
775,33880,"Backlit Hanging Banner Displays Hardware Only"
777,15462,"5ft, 6ft & 8ft Custom Printed Replacement Tent Canopies"
785,17978,"Casita Tent Accessories"
788,19267,"Feather Flags Hardware Only"
795,20010,"Razor Falcon Flags Replacement Graphic Only"
798,21882,"Vector Frame Hardware Only"
805,33887,"Ultra-Thin Hanging Profiles (40D)"
808,20994,"100mm Free Standing Profiles (VAIL-100D)"
815,22019,"Ultra-Thin Hanging Profiles (40D)"
818,22815,"Hanging SnapFrames Displays"
825,22828,"Hanging Sign Straight Bars"
828,22832,"Tabletop Mounts"
835,13659,"Lumiere Backlit Displays"
838,13906,"Embrace Backlit Displays"
845,46061,"Dazzle Backlit LED Displays"
848,46109,"SEGO Modular Lightbox Display"
855,83,"Magnetic Panel Pop-Up Displays"
858,147,"Hopup Trade Show Displays"
865,33536,"Star Fabric Pop-Up Displays"
868,281,"Xpressions Snap Pop Up Displays"
875,31202,"Satellite Exhibits"
878,46164,"Pascale Displays"
885,29225,"10 x 10 Hybrid Pro Modular Displays Hardware Only"
888,29228,"10 x 20 Hybrid Pro Modular Displays Hardware Only"
895,29298,"Observe Sign Stands (Hardware Only)"
898,29948,"Hybrid Pro Modular Counters (Graphic Only)"
905,94,"OneFabric Tension Fabric Tabletop Displays"
908,1981,"Embrace Tabletop Displays"
915,33337,"Wave Tube Tabletop Displays"
918,30309,"Verge SEG Displays (Graphic Only)"
925,31522,"Creative Backlit Displays (Hardware Only)"
928,33001,"Econotube Tension Fabric Banner Stand"
935,33537,"Star Fabric Popup Displays (Hardware Only)"
938,1621,"10x10 Orbital Express Truss Hardware Only"
945,1628,"20ft x 20ft Island Orbital Express Truss Back Walls Replacement Graphic"
948,1619,"Replacement Fabric"
955,514,"EZ Tube Connect Backlit Displays (Hardware Only)"
958,33004,"EZ Stand Tension Fabric Banner Stand"
965,34580,"WaveLight LED Backlit Displays"
968,511,"Designer & Custom Face Masks"
124,1616,"Tapered Square Banner Hanging Signs Frame Only"
133,78,"12ft Triangle Hanging Banner Displays"
136,1720,"15ft Triangle Hanging Banner Displays"
145,266,"20ft x 10ft Rectangle Hanging Banner Displays"
154,30015,"Pop-up Tabletop Displays"
163,540,"Floor-Standing Rigid Graphic Holders"
172,22824,"Magnetic Displays"
181,29428,"Display Flood Light"
191,8218,"Structured Modular Exhibits"
200,14478,"Structured Modular Exhibits"
210,134,"Coyote Full Fabric Popup Displays"
220,55,"Pinwheel Three-Sided Overhead Hanging Signs"
230,741,"Triangle (Tapered) Overhead Hanging Signs"
240,1322,"Square (Cube) Overhead Hanging Signs"
250,157,"50in+ Retractable Banner Stands"
260,1630,"Replacement Banners Only"
270,146,"Orbital Truss Accessories and Replacement Parts"
280,1637,"Replacement Hopup Graphics"
290,1633,"Formulate Display Hardware Only"
300,30306,"Formulate Table Top Tension Fabric Displays"
310,168,"Small Trade Show Counters"
320,33343,"Counters w/ Lockable Doors"
330,164,"Lighting Accessories"
340,502,"EZ Tube Tension Fabric Displays"
350,30232,"Outdoor Flags & Tents"
360,15465,"10x10 Custom Tents"
370,1298,"08ft Waveline Tension Fabric Displays"
380,46058,"Brandcusi Fabric Banner Stand"
390,1642,"Snap Frames Cube & Prism Towers"
400,285,"5' (2x3) Xpressions SNAP Pop Up Fabric Displays"
410,298,"11'  6 Quad Pyramid Xpressions SNAP Pop Up Dispplays"
421,1652,"Replacement Fabric for Disc Hanging Banner Displays"
431,1601,"Tapered Triangle Trio Hanging Sign Display Replacement Graphics"
441,46038,"Vector Frame Dynamic Light Boxes"
451,1599,"Hardware Only for Curved Triangle Hanging Signs"
461,765,"Stock Photography Cases"
474,772,"Solo Quattro System"
484,28335,"Accessories"
494,8221,"Larger Custom Truss Designs"
504,31137,"TV Monitor Stands & Kiosks"
514,46177,"Wave Tube Modular Booth Kits"
524,22015,"Creative Flag Accessories"
534,6455,"Waveline Banner Stand Displays"
544,1331,"Splash Fabric Displays Replacement Graphic"
554,1476,"Tahoe Twistlock Exhibits"
564,2569,"Digital Kiosks & Displays - US Made by Peerless"
574,8075,"40"" Makitso Blade Kiosks"
584,33886,"5ft EZ Extend"
594,7694,"VAIL Fabric Frames"
604,46103,"LUCID Modular Lightbox Displays"
614,1662,"Replacement Graphics Only"
624,1673,"Backlit Hanging Banner Displays Replacement Fabric Only"
634,912,"Horizon Folding Panels Table Top Display"
644,7501,"hold"
654,34577,"Backlit WaveLight Casonara Displays"
664,1982,"Replacement Graphic for Embrace Popup Tabletop Displays"
674,34083,"EZ Extend Circle Displays"
684,2634,"Digital Wall Enclosures"
694,520,"Hardware Only"
704,6457,"Replacement Fabric"
714,46050,"Waveline Merchandiser Kits"
724,6961,"Replacement Graphics for Lumiere Displays"
734,7688,"48in Silverstep Banner Stands"
744,22147,"Backlit VAIL Frames"
754,6887,"Replacement Graphic for Waveline Tension Fabric Displays by Makitso -"
764,8227,"Rotating Display Turntables"
781,16449,"10x10 Frames & Canopies"
790,19822,"Teadrop Flags Hardware Only"
800,21885,"Backlit Vector Frame Displays"
810,25741,"Backlit Free Standing Profiles (VAIL-120DB)"
820,22818,"Tabletop Counter Drop In Sign Holders"
830,22834,"Visual Merchandising Clamps"
840,30149,"Hopup Backlit Displays"
850,46163,"Infinity LED Light Box Display Stands"
860,747,"RPL & Ready Pop Up Displays"
870,788,"Geometrix Fabric Displays"
880,28079,"10 x 20 Hybrid Pro Modular Displays"
890,29230,"20 x 20 Hybrid Pro Modular Displays Graphic Only"
900,292,"Xpressions SNAP Tension Fabric Tabletop Displays"
910,33535,"Star Fabric Popup Tabletop Display"
920,30314,"Bombora Three Dimensional Displays (Graphic Only)"
930,33009,"Aspen Onyx Tension Fabric Banner Stand"
940,1627,"20ft x 20ft Island Orbital Truss - Hardware Only"
950,34512,"EZ Towers (Graphic Only)"
960,34515,"EZ Fabric Barrier Displays (Hardware Only)"
970,624,"Customized Face Covers"
980,46062,"Flooring Accessories"
990,46068,"Cabo Trade Show Booths Replacement Graphic"
1000,46076,"Pop-Up Displays"
1010,46096,"Timberline Monitor Displays"
1020,46131,"Blaze Freestanding Light Boxes"
1030,46157,"MODify Retail Displays (Hardware Only)"
1040,46155,"20ft x 20ft Trade Show Booth (Graphic Only)"
1050,744,"BrightLine & StraightLine (Hardware Only)"
131,75,"05ft Triangle Hanging Banner Displays"
141,262,"08ft x 4ft Rectangle Hanging Banner Displays"
150,1458,"Over The Top Tabletop Displays"
159,180,"Sign and Poster Frames"
168,885,"Sky Testrite Aluminum Frames"
177,153,"Literature Stands"
187,8211,"Slim Tension Fabric Displays"
196,10831,"4-Sided Displays"
207,32304,"Custom Modular Exhibits"
217,52,"Circle (Round Tube) Overhead Hanging Signs"
227,544,"Panel (S-Curve) Overhead Hanging Signs"
237,785,"Funnel & Cone Overhead Hanging Signs"
247,129,"15-24in Retractable Banner Stands"
257,12065,"Telescopic Retail Banner Stand Displays - Hardware Only"
267,143,"10 x 20 Orbital Express Truss Exhibits"
277,127,"Hopup Dimension Kits"
287,908,"Fabric Tower Displays"
297,1970,"8ft & 10ft Formulate Essential and Master Backwall Exhibits"
307,46059,"Long Custom Table Throws"
317,10285,"Backlit Counters"
327,46170,"Custom Table Throws & Runners"
337,269,"Hard Tube Graphic Cases"
347,46149,"Trade Show Booth Kits"
357,185,"Outdoor Promotional Flags & Stands"
367,46172,"Outdoor Kits"
377,31588,"Custom Waveline Exhibits"
388,1471,"Fabric Tower Displays (Replacement Fabric Only)"
398,283,"Xpressions Snap Accessories"
408,296,"11' Argyle Xpressions SNAP Displays"
418,23532,"Backlit Wall Mounted Displays"
428,1483,"Ellipse Hanging Banner Displays Hardware Only"
438,34150,"Vector Frame Modular Towers"
448,1484,"Football Shaped Hanging Banner Displays Hardware Only"
458,760,"Stock Fabricated Shipping Cases"
468,776,"Solo Modular Counter Demo Stations"
478,1674,"Designer Series Ceiling Hanging Signs Hardware Only"
488,28841,"Fusion Hardware Only"
498,1468,"Micro GeoMetrix Displays Replacement Frames (Hardware)"
508,33336,"Wave Tube Tabletop Displays"
518,1313,"Frame-Style Rotators"
528,1321,"Energy Accessories"
538,32936,"Econotube Tension Banner Stand"
548,30299,"Over The Top Tabletop Displays (Graphic Only)"
558,892,"Touch Screen Interactive Table Displays"
568,31138,"TV, iPad & Tablet Stands"
578,9980,"Accessories for Digital Kiosks"
588,2013,"5ft EZ Extend"
598,33010,"SEGO Modular Lightbox Display"
608,46171,"Sego8 Modular Lightbox Display"
618,30225,"Arches and Towers"
628,1697,"Hexagon Formulate 3D Hanging Banner Displays Hardware Only"
638,5446,"Waveline Media Panels"
648,9737,"Backlit WaveLight Displays"
658,1985,"Hardware for Embrace Displays"
668,1612,"EZ Extend Fabric Banner Stands"
678,34524,"EZ Tube Connect Panels"
688,4427,"Waveline Merchandiser Exhibits"
698,1659,"Fabric Counters Frame Only"
708,6585,"Waveline Merchandisers - Replacement Graphic"
718,6954,"EZ Fabric Counters - Graphic Only"
728,14482,"Backlit Illuminated Displays"
737,7691,"60in Tabletop Silverstep Banner Stands"
738,7692,"36in Tabletop Silverstep Banner Stands"
747,22150,"VAIL SEG Frame Hanging Displays"
748,2017,"10 ft Waveline Media Displays by Makitso - Hardware"
757,7945,"10ft Modulate Fabric Displays"
758,7946,"20ft Modulate Fabric Displays"
767,8230,"Battery Operated Turntables & Motors"
768,13911,"10x10 Custom Modular Exhibits"
774,11817,"Spring Back Banner Stands - Graphic Only"
776,33881,"Backlit Hanging Banner Displays Replacement Fabric Only"
784,15897,"Creative Tent Accessories"
786,18224,"Zoom Tent Accessories"
794,19824,"Razor Falcon Flags Hardware Only"
796,1326,"Vector Frame & Linear Counters"
804,34156,"Vector Frame Hanging Light Boxes"
806,33888,"Thin Hanging Profiles (60D)"
814,22151,"Backlit Wall Mounted Profiles (80S)"
816,22020,"Thin Hanging Profiles (60D)"
824,22827,"Hanging Sign Frames"
826,22829,"Hanging Hardware"
834,13352,"WaveLight Backlit Displays"
836,13782,"Modular Fabric Illuminated Backwall Displays"
844,34576,"WaveLight Casonara SEG Backlit Displays"
846,46092,"Wave Tube Dynamic Display"
854,46182,"RPL Backlit Displays"
856,84,"OneFabric Eco-Friendly Pop-Up Displays"
864,24732,"Multi-Panel Tension Fabric Displays"
866,34507,"Lumiere SEG Pop-Up Display"
874,27699,"Hybrid Pro Modular Exhibits"
876,34084,"Modco Modular Displays"
884,29224,"10 x 10 Hybrid Pro Modular Displays Graphic Only"
886,29226,"10 x 20 Hybrid Pro Kit Modular Displays"
894,29297,"Observe Sign Stands (Graphic Only)"
896,29426,"Blimp Tower (Graphic Only)"
904,93,"Hopup Tabletop Displays"
906,748,"RPL & Ready Pop Table Top Displays"
914,30235,"Eurofit Tension Fabric Tabletop Displays"
916,271,"Coyote Full Fabric Tabletop Popup Displays"
924,31204,"Satellite Exhibits (Hardware Only)"
926,31523,"Creative Backlit Displays (Graphic Only)"
934,33015,"Inflatable Trade Show Furniture"
936,33538,"Star Fabric Popup Displays (Graphic Only)"
944,1626,"10ft x20ft Orbital Express Truss Back Walls Replacement Graphic"
946,513,"EZ Tube Connect Backlit Displays (Graphic Only)"
954,34525,"EZ Tube Connect Configuration Panels (Graphic Only)"
956,1469,"EZ Tube Frame Only"
964,34579,"WaveLight Casonara SEG Backlit Displays"
966,34582,"WaveLight Inflatable Towers & Counters"
974,45592,"Modulate Sneeze Guard Walls"
976,46043,"QSEG Quick Wall Displays Replacement Graphic"
984,46117,"10x20 Carpet"
986,46111,"10x10 Floors"
130,74,"08ft Triangle Hanging Banner Displays"
139,1723,"20ft Triangle Hanging Banner Displays"
148,1668,"Rectangle Hanging Sign Replacement Fabric"
157,46190,"Tabletop Signs"
166,882,"Table Top SignHolders"
175,22835,"Aluminum Slatwall Displays"
185,8209,"Pop-Up Backwall Displays"
194,28905,"Custom Truss & Modular Exhibits"
204,510,"Waveline Exhibits"
214,190,"OneFabric Pop Up Tension Fabric Displays (Graphic Only)"
224,59,"Vinyl Hanging Banner Displays"
234,782,"Pinwheel Four-Sided Overhead Hanging Signs"
244,1701,"Square (Rounded) Overhead Hanging Signs"
254,9858,"Illuminated Retractable Banners"
264,138,"Linear 20 ft Hybrid Displays"
274,34506,"Orbital Express Truss Replacement Graphic"
284,279,"Formulate Accents Walls"
294,1678,"hold"
304,898,"6ft Custom Table Throws"
314,5922,"Hardware Only"
324,46079,"Formulate Counters"
334,173,"Cases for Banner Stands"
344,507,"Waveline Makitso Displays"
354,18777,"Rectangle Flags"
364,30234,"Crowd Control Barriers"
374,1323,"Waveline Tension Fabric Panels"
385,46145,"Coyote Full Mural Graphics Tabletop Popup Displays (Hardware Only)"
395,1631,"Formulate Table Top Displays Hardware Only"
405,293,"8' 5 Quad Metric Xpressions SNAP Displays"
415,13909,"Backlit Trade Show Towers"
425,1482,"S-Curve Hanging Banner Displays Replacement Graphics"
435,7941,"Vector Frame SEG Fabric Displays"
445,30305,"Boulevard Banners (Hardware Only)"
455,756,"Stock Carrying Cases"
465,770,"Solo System"
472,1650,"Solo Magic Line Counters"
482,1302,"Geometrix Fabric Displays Replacement Graphics"
492,8219,"10 x 15 Custom Truss Designs"
502,1609,"Accessories"
512,33341,"Wave Tube Tension Fabric Banner Stand"
522,46045,"Heavy Duty Turntables"
532,1611,"EZ Extend Banner Stands"
542,33342,"Wave Tube Tension Banner Stand"
552,1466,"Frame Only for Wallbox Fabric Displays"
562,1608,"Makitso Mini Blade Series"
572,1640,"Digital Towers & Columns - Makitso Blade Series"
582,33884,"3ft EZ Extend"
592,1657,"ASPEN Fabric Displays"
602,46067,"Cabo Trade Show Booths"
612,1656,"ASPEN Fabric Frames Hardware Only"
622,45001,"EuroFit Evolution Displays"
632,150,"ShowStyle Table Top Briefcase Display"
642,7021,"Waterfall Shelving Displays"
652,34079,"Waveline Infinity Displays"
662,30216,"Embrace SEG Pop-Up Counters"
672,20683,"EZ Tube Fabric Barrier Displays"
682,2632,"Portrait Digital Kiosks"
692,46176,"Shelving & Hanging Rack Displays"
702,30311,"Bombora Three Dimensional Displays"
712,6891,"20ft Waveline Media Displays Kits"
722,6958,"Lumiere SEG Pop-Up Displays"
732,7686,"24in Tabletop Silverstep Banner Stands"
742,8147,"VAIL Accessories"
752,2016,"Replacement Graphic for 10 ft Makitso Waveline Media Displays"
762,31524,"Crowd Control Barriers (Graphic Only)"
772,14159,"Large Custom Modular Exhibits"
778,15464,"5ft, 6ft & 8ft Canopy Tent Hardware"
787,18652,"Makitso Tent Accessories"
797,21881,"Vector Frames Non-Backlit Fabric Displays"
807,20868,"Free Standing Backlit Profiles (VAIL-120DB)"
817,27319,"Air Bench Accessories"
827,22831,"Floor Mounts"
837,13905,"Igniter Backlit Displays"
847,46108,"LUCID Modular Lightbox Displays"
857,135,"Lighting for Pop-Up Displays"
867,46159,"Salto Pop-Up Displays"
877,46081,"Timberline Displays"
887,29227,"10 x 20 Hybrid Pro Modular Displays Graphic Only"
897,29427,"Blimp Tower (Hardware Only)"
907,1333,"Splash and Verge Popup Tabletop Displays"
917,272,"Coyote Full Mural Tabletop Popup Displays"
927,33000,"Econotube Tension Fabric Banner Stand"
937,34081,"HOLD"
947,1336,"EZ Tube Display Replacement Graphics"
957,1618,"Hardware Only"
967,34583,"WaveLight Casonara Backlit Hanging Banners"
975,769,"Solo Modular Counters"
977,46066,"QSEG Quick Wall Displays Replacement Hardware"
985,46118,"Custom Printed Mats and Carpets"
987,46112,"10x20 Floors"
995,46077,"Twist Counters and Showcases"
996,46078,"Twist Kiosks"
997,46080,"Twist Tables"
1005,46083,"Replacement Graphics for Timberline Displays"
1006,46084,"Timberline Displays with Closet"
1007,46086,"30 Foot Timberline Displays"
1015,46158,"LUCID Modular Lightbox Display Replacement Hardware"
1016,46119,"Pozelite Backlit Light Boxes (Hardware Only)"
1017,46125,"Ultralite SEG Display Accessories"
1025,46136,"Blaze Wall Mounted Light Boxes Replacement Graphic"
1026,46137,"Blaze Wall Mounted Light Boxes Replacement Hardware"
1027,46138,"Blaze Hanging Light Boxes Replacement Graphic"
1035,46150,"10ft x 10ft Trade Show Booth Kits"
1036,46151,"10ft x 20ft Trade Show Booth Kits"
1037,46152,"20ft x 20ft Trade Show Booth Kits"
1045,88,"Backlit BrightLine Kits"
1046,89,"StraightLine Kits"
1047,90,"BrightLine Backlit Panels"
1055,46188,"Backlit BrightLine Kits"
1056,46180,"Origami Truss (Graphic Only)"
1057,46181,"Origami Truss (Hardware Only)"
125,1479,"Pinwheel Hanging Banner Displays Hardware Only"
134,1318,"Triangle Hanging Banners - Replacement Graphics"
143,264,"16ft x 8ft Rectangle Hanging Banner Displays"
152,27635,"Backlit Tabletop Displays"
161,182,"Sign Holders & Frames"
170,22814,"SnapFrames Displays"
179,270,"Trade Show Furniture"
189,8213,"Backlit Illuminated Displays"
198,14476,"Backlit Illuminated Displays"
203,509,"Formulate Fusion Exhibits"
213,1320,"Energy Pop Up Trade Show Displays"
223,58,"Rectangle Overhead Hanging Signs"
233,752,"Square (Curved Quad) Overhead Hanging Signs"
243,1696,"Hexagon Shaped Overhead Hanging Signs"
253,7684,"Silverstep Retractable Banner Stands"
263,137,"Linear 10 ft Hybrid Displays"
273,34505,"Orbital Express Truss Hardware Only"
283,179,"Formulate Tension Fabric Counters"
293,1677,"20ft & 30ft Formulate Designer Series Displays"
303,897,"8ft Custom Table Throws"
313,5565,"Waveline InfoDesk Counters"
323,46074,"Twist Displays"
333,172,"Molded Case to Counter Kits"
343,506,"Waveline BrandStand Displays"
353,18776,"Teardrop Flags"
363,30231,"Outdoor Banner Stands"
373,1301,"WaveLine Media Displays"
384,46144,"Coyote Full Mural Graphics Tabletop Popup Displays"
394,46140,"MODify Retail Displays"
404,290,"8' 3Quad Pyramid Xpressions SNAP Pop Up Displays"
414,13908,"Backlit Overhead Hanging Banners & Signs"
424,1481,"S-Curve Hanging Banner Displays Hardware Only"
434,1965,"Hardware for Vector Frames"
444,30304,"Boulevard Banners (Graphic Only)"
454,755,"Stock Wheeled Cases"
464,902,"Replacement Graphic for Xclaim Fabric Popup Displays"
469,777,"Solo Modular Counter Work Stations"
479,1675,"Designer Series Ceiling Hanging Signs Replacement Fabric"
489,8214,"10 x 10 Custom Truss Designs"
499,28207,"Accessories"
509,33338,"Replacement Graphics"
519,1317,"Turntable Accessories"
529,1669,"Cube Shaped Hanging Sign Displays Hardware Only"
539,33002,"EZ Stand Banner Stands & Displays"
549,30300,"Over The Top Tabletop Displays (Hadrware Only)"
559,1605,"Digital Kiosks - UV"
569,46056,"Quick Ship Digital Kiosks"
579,1617,"EZ Extend Banner Stands Hardware Only"
589,72,"WaveLight Casonara Backlit Displays"
599,34080,"Infinity SEG Displays"
609,46178,"Origami Truss"
619,30226,"Counters"
629,1698,"Replacement Graphic for Hexagon Formulate 3D Hanging Banner Displays"
639,6522,"Accessories"
649,10286,"Backlit WaveLight Counters"
659,7950,"Embrace SEG Pop-Up Displays"
669,7438,"EZ Tube Fabric Counters"
679,46040,"EZ Tube Kicktail Displays"
689,5083,"Geometrix Merchandiser Displays"
699,21561,"Backlit Counters - Hardware Only"
709,6882,"Waveline Merchandisers by Makitso - Accessories"
719,21560,"Backlit Counters - Graphic Only"
729,14483,"Custom Truss & Modular Exhibits"
739,7693,"Silverstep Banner Stands Accessories"
749,6884,"Waveline Panel Systems - Hardware"
759,7947,"30ft Modulate Fabric Displays"
769,14156,"10x20 Custom Modular Exhibits"
779,16142,"10x10 Frame Only"
792,19823,"Rectangle Flags Hardware Only"
802,34154,"Vector Frame Essential Light Boxes"
812,20992,"Thin Wall Mounted Profiles (60S)"
822,22820,"Floor Standing Drop In Sign Stands"
832,73,"Vector Frame Essential Light Boxes"
842,31458,"Creative Backlit Displays"
852,46168,"Blaze Light Box Displays"
862,1980,"Embrace SEG Pop-Up Displays"
872,136,"Linear Hybrid Displays"
882,29883,"Hybrid Pro Modular Counters"
892,33019,"Impress Displays"
902,1289,"Micro GeoMetrix Pop-Up Fabric Displays"
912,278,"Formulate Table Top Tension Fabric Displays"
922,46191,"Dynamic Animated LED Backlit Displays (Graphic Only)"
932,46162,"SEGO Modular Lightbox Display Hardware"
942,1622,"10x10 Orbital Express Truss Replacement Graphic"
952,34517,"EZ Extend Circle Displays (Graphic Only)"
962,34523,"EZ Tube Configuration Displays (Hardware Only)"
972,45489,"Social Distancing Floor Decals"
982,46115,"20x20 Carpet"
992,46071,"Indoor LED Walls"
1002,46089,"Slim Tension Fabric Displays"
1012,46095,"Full Color LED Signs 16mm"
1022,46133,"Blaze Hanging Light Boxes"
1032,46143,"Outdoor Fabric Flags Hardware Only"
1042,46161,"Salto Fabric Displays Replacement Hardware"
1052,46175,"Sego8 Modular Lightbox Display (Accessories)"
129,64,"14ft Triangle Hanging Banner Displays"
142,263,"18ft x 9ft Rectangle Hanging Banner Displays"
151,1713,"Folding Panel Tabletop Displays"
160,181,"Display Easels"
169,22813,"SignPost"
178,160,"Trade Show Lighting"
188,8212,"4-Sided Tension Fabric Displays"
197,14475,"Slim Tension Fabric Displays"
205,28970,"Custom Truss Exhibits"
215,400,"OneFabric Pop Up Tension Fabric Displays (Hardware Only)"
225,542,"Disc Overhead Hanging Signs"
235,783,"Designer Series Overhead Hanging Signs"
245,22018,"VAIL SEG Frame Hanging Displays"
255,30019,"Double-Sided Retractable Banner Stands"
265,139,"Linear Monitor Kiosks"
275,46102,"Custom Aluminum Truss Designs"
285,787,"10ft Vibe Tension Fabric Displays"
295,1968,"20ft Formulate Master  Backwall Displays"
305,1639,"Trade Show Table Runners"
315,6952,"EZ Fabric Counters"
325,46098,"Counters with Shelves"
335,176,"Extra Long Bags and Cases (50in+)"
345,508,"Wave Tube Tension Fabric Displays"
355,18778,"Razor & Falcon Flags"
365,30302,"Portable Bars"
375,1324,"Waveline Accessories"
386,906,"Fabric Tower Displays (Hardware Only)"
396,1632,"Formulate Table Top Displays Replacement Graphic"
406,294,"15' 10 Quad Pyramid Xpressions SNAP Displays"
416,13910,"Backlit Trade Show Counters"
426,1681,"Curve Hanging Banner Displays Replacement Graphics"
436,30085,"Vector Frame Display Kits"
446,8471,"Hardware for RPL & Ready Pop Up Displays"
456,757,"Stock Military Spec. Cases"
466,774,"Solo Modular Counter Kits"
476,1699,"Pinwheel Four-Sided Hanging Banner Displays Hardware Only"
486,900,"Igniter Light Box Displays Hardware"
496,34520,"Show 'N Write Tabletop Panel Displays (Hardware Only)"
506,1306,"10ft Wave Tube Tension Fabric Displays"
516,1311,"Display Turntables"
526,22017,"Accessories for Falcon, Sunbird, Mondo, Mamba, Splash Flags"
536,7952,"Modulate Magnetic Banners"
546,1334,"Splash Fabric Tabletop Replacement Graphic"
556,1478,"Tahoe Twistlock Accessories & Parts"
566,22468,"Wall Mounted Commercial Displays by United Visual"
576,8077,"58"" Makitso Blade Kiosks"
586,2011,"3ft EZ Extend"
596,29295,"Creative SEG Displays"
606,46130,"Blaze Light Box Displays"
616,30223,"Display Walls"
626,1694,"Eye Shaped Hanging Banner Displays Hardware Only"
636,1971,"8ft & 10ft Waveline Displays"
646,7936,"Hardware Only"
656,46044,"Waveline Banner Stands"
666,503,"EZ Tube Connect Backlit Displays"
676,34511,"EZ Tube Displays (Hardware Only)"
686,3656,"OneFabric Pop Up - Hardware"
696,4785,"Hardware for Waveline Merchandisers"
706,6519,"Replacement Graphic for Monolith Tension Fabric Displays"
716,1658,"Replacement Fabric Only for Counters"
726,14479,"Pop-Up Backwall Displays"
736,7690,"60in Silverstep Banner Stands"
746,22149,"Wall Mounted VAIL Frames"
756,7943,"Modulate Banner with Magnetic Frame"
766,8229,"Wall Mounted Display Turntables"
782,16817,"15ft and 20ft Tent Frame Only"
791,19947,"Teardrop Flags Replacement Graphic Only"
801,34153,"Vector Frame Display Kits"
811,46146,"180mm Free Standing Profiles (VAIL-180DB)"
821,22819,"Hanging Drop In Sign Frames"
831,67,"EZ Tube Connect Backlit Displays"
841,30150,"Formulate Backlit Displays"
851,46167,"Sego8 Modular Lightbox Display"
861,1330,"Splash Pop-Up Displays"
871,1602,"3D Snap Fabric Displays"
881,28080,"20 x 20 Hybrid Pro Modular Displays"
891,29231,"20 x 20 Hybrid Pro Modular Displays Hardware Only"
901,901,"Xclaim Fabric Popup Table Top Displays"
911,259,"Waveline Tension Fabric Tabletop Displays"
921,30315,"Bombora Three Dimensional Displays (Hardware Only)"
931,33011,"SEGO Modular Lightbox Display"
941,1966,"10x20 Orbital Express Truss Hardware Only"
951,34516,"EZ Fabric Barrier Displays (Graphic Only)"
961,34518,"EZ Extend Circle Displays (Hardware Only)"
971,29296,"Free Standing Sign Stands"
978,46054,"Carpet"
981,46097,"Printed Floor Mats"
988,46113,"20x20 Floors"
991,46069,"Cabo Trade Show Booths Replacement Hardware"
998,87,"4-Sided Tension Fabric Displays"
1001,46085,"Backlit Illuminated Displays"
1008,46087,"20 Foot Timberline Displays"
1011,46094,"Scrolling LED Signs"
1018,46126,"Ultralite SEG Graphic Only"
1021,46132,"Blaze Wall Mounted Light Boxes"
1028,46139,"Blaze Hanging  Light Boxes Replacement Hardware"
1031,46142,"Outdoor Fabric Flags Graphic Only"
1038,46153,"10ft x 10ft Trade Show Booth (Graphic Only)"
1041,46160,"Salto Fabric Displays Replacement Graphic"
1048,91,"StraightLine Panels"
1051,46174,"Sego8 Modular Lightbox Display (Graphic Only)"
128,1456,"Tapered Circle Hanging Banner Hardware Only"
138,1722,"18ft Triangle Hanging Banner Displays"
147,1667,"Rectangle Hanging Banner Hardware"
156,30018,"Retractable Banner Stands"
165,792,"Sign Accessories"
174,22830,"Rigid Graphic Stands"
184,45490,"Branded Safety Products"
193,21949,"SEG Tension Fabric Displays"
206,32303,"Hybrid Pro Exhibits"
216,47,"Tension Fabric Overhead Hanging Signs"
226,543,"Panel (Straight) Overhead Hanging Signs"
236,784,"Pyramid Overhead Hanging Signs"
246,123,"Tabletop Retractable Banner Stands"
256,12003,"Telescopic Retail banner Stand Displays - Graphic Only"
266,142,"10 x 10 Orbital Express Truss Exhibits"
276,46179,"Origami Truss"
286,907,"Arches & Conference Walls"
296,1969,"All Formulate Kits"
306,22821,"Backlit Table Throws"
316,6955,"Replacement Graphics"
326,46100,"Tables & Custom Covers"
336,177,"Soft Carry Bags"
346,46052,"Tension Fabric Banner Stands"
356,46141,"Flagpole  Flags"
366,46091,"Programmable LED Signs"
376,1724,"Waveline Displays Hardware"
387,1470,"Fabric Tower Displays"
397,282,"3' (1x3) Xpressions Snap Fabric Pop Up Displays"
407,295,"10' (4x4) Xpressions SNAP Displays"
417,22964,"Backlit Display Walls & Backdrops"
427,1682,"Curve Hanging Banner Displays Hardware Only"
437,34085,"Vector Frame Essential Light Boxes"
447,8592,"Graphics for RPL & Ready Pop Up Displays"
457,759,"Stock Molded Shipping Cases"
473,771,"Solo Evolution System"
483,1467,"Geometrix Fabric Displays Hardware Only"
493,8220,"10 x 30 Custom Truss Designs"
503,31136,"Tablet / IPad Holders and Kiosks"
513,46064,"Wave Tube Dynamic Display"
523,46046,"Wall Mounted Turntables"
533,1979,"Formulate Essential Tension Fabric Banners"
543,34082,"EZ Extend Circle Displays"
553,515,"Hardware Only"
563,2384,"Digital Kiosks - SmartMedia"
573,8074,"32"" Makitso Blade Kiosks"
583,33885,"4ft EZ Extend"
593,6956,"Lumiere Light Wall SEG Pop-Up Displays"
603,46093,"Modco Modular Displays"
613,1661,"Hardware Only"
623,1672,"Backlit Hanging Banner Displays Hardware Only"
633,277,"Voyager Panel Briefcase Tabletop Displays"
643,7022,"Waveline InfoDesk Counters"
653,34508,"Backlit WaveLight Counters & Towers"
663,46053,"Embrace SEG Pop-Up Displays (All Kits)"
673,33006,"EZ Stand Fabric Displays"
683,2633,"All-In-One 55'' Touch Screen Kiosk"
693,519,"Graphic Only"
703,6456,"Hardware Only"
713,6892,"10 ft Waveline Media Displays by Makitso - Packages"
723,6960,"Hardware for Lumiere Displays"
733,7687,"36in Silverstep Banner Stands"
743,20869,"VAIL Non-Backlit Fabric Frames"
753,6883,"Waveline Panel Systems - Replacement Graphic"
763,8226,"Skeleton Display Turntables"
773,10953,"Spring Back Banner Stands - Hardware only"
783,17001,"15ft and 20ft Tent Canopies Only"
789,19329,"Feather Flags Replacement Graphic Only"
799,21883,"Vector Frame Graphics"
809,21056,"120mm Free Standing Profiles (VAIL-120D)"
819,22816,"Floor Standing SnapFrame Displays"
829,22833,"Poster SignHolders"
839,30020,"VAIL Backlit Displays"
849,46110,"Pozelite Backlit Light Boxes"
859,280,"VBurst Pop-Up Displays"
869,767,"Xclaim Fabric Popup Displays"
879,28015,"10 x 10 Hybrid Pro Modular Displays"
889,29229,"20 x 20 Hybrid Pro Kit Modular Displays"
899,29949,"Hybrid Pro Modular Counters (Hardware Only)"
909,30017,"Coyote Tabletop Displays"
919,30310,"Verge SEG Displays (Hardware Only)"
929,33008,"Aspen Onyx Tension Fabric Banner Stand"
939,1624,"Orbital Express Truss Back Walls Hardware Only"
949,33003,"EZ Stand Tension Fabric Banner Stand"
959,34513,"EZ Towers (Hardware Only)"
969,512,"Custom Hand Sanitizer Station"
979,46055,"Vinyl and Hardwood"
989,46065,"Dazzle Backlit LED Displays - Replacement Graphics"
994,46073,"Outdoor LED Walls"
999,174,"SEG Tension Fabric Displays"
1004,46105,"Backwall Banner Stands"
1009,46088,"10 Foot Timberline Displays"
1014,46122,"LUCID Modular Lightbox Display Replacement Graphic"
1019,46127,"Ultralite SEG Hardware Only"
1024,46135,"Blaze Freestanding Light Boxes Replacement Hardware"
1029,46156,"MODify Retail Displays (Graphic Only)"
1034,46148,"VAIL Free Standing SEG Displays (180mm Profile) - Hardware Only"
1039,46154,"10ft x 20ft Trade Show Booth (Graphic Only)"
1044,46166,"Pascale Displays Replacement Hardware"
1049,92,"BrightLine & StraightLine (Graphic Only)"
1054,46187,"BrightLine Backlit Panels"