"category_id","category_name"
1,"Exhibit"
2,"Modular"
3,"Display"
148,"Fabric Display"
159,"Counters & Podiums"
187,"Outdoor Event Party Displays"
275,"Tower Displays"
739,"Showroom Displays"
1291,"TV, iPad & Tablet Stands"
1309,"Motorized Turntables & Ceiling Motors"
1604,"Digital Kiosks"
1967,"Modular Fabric Light Box Displays"
2014,"Custom Exhibits & Displays"
7260,"10x30 Trade Show Displays"
7565,"Design Services"
7695,"Lumiere Backlit Displays"
8142,"Backlit Embrace Tension Fabric Displays"
8143,"Igniter Backlit  Light Box Displays"
8146,"VAIL Backlit SEG Fabric Frames"
9736,"WaveLight LED Backlit Displays"
10284,"Our Work"
15466,"HOLD"
31205,"One Choice"
33728,"Wavelight Displays"
33729,"Wavelight Tower"
34,"Featured Products"
33730,"Wavelight Counter"
60,"Tablecloths & Tabletops"
61,"Sign Holders & Displays"
63,"Accessories"
33732,"Lumiere Displays"
33733,"Pop-Up Displays"
46051,""
33734,"SEG Fabric Displays"
33735,"EZ Fabric Displays"
33736,"Formulate Displays"
33737,"Waveline Displays"
33738,"4-Sided Box Displays"
33740,"Hanging Banner"
33741,"Retractable Banners"
33742,"Tension Fabric Banners"
33743,"Outdoor Banners"
33744,"Custom Exhibits"
33746,"Backlit Wavelight Towers"
33750,"Waveline Counters"
33751,"Custom Case to Counters"
1653,"SEG Tension Fabric Displays"
33752,"Printed Table Throw"
33753,"Table Top Fabric Displays"
46048,"Flooring"
46070,"LED Video Walls"
46075,"8ft Trade Show Displays"
46082,"Timberline Exhibits"
46183,"Sego8 Displays"
46186,"Client Exhibits On Display"
70,"10x20 Trade Show Displays"
141,"Truss Trade Show Exhibits"
1684,"06ft Diameter Circle Hanging Banner Displays"
268,"Accessories"
171,"Slim Tension Fabric Displays"
223,"Waveline BrandStand Tension Fabric Displays"
34578,"Backlit WaveLight Casonara Displays"
260,"Backdrops & Backwalls"
2009,"EZ Tube Fabric Displays"
121,"Retractable Banner Stands"
122,"Telescopic Retail Banner Stands"
125,"Telescopic Banner Stand Displays"
401,"Backlit Displays"
183,"Outdoor Banner Stands"
743,"Boulevard Street Pole Banners"
1304,"Wave Tube Tension Fabric Displays"
7942,"Modulate Tension Fabric Displays"
1327,"Tension Fabric Banner Stands"
1457,"Square Hanging Banners - Hardware Only"
8080,"Banner Stand - Hardware Only"
30233,"Crowd Control Barriers"
46099,"FrameWorx Banner Stands"
1702,"05ft wide Square Hanging Banner Displays"
1703,"08ft wide Square Hanging Banner Displays"
1704,"10ft wide Square Hanging Banner Displays"
1706,"14ft wide Square Hanging Banner Displays"
21880,"Vector Frame SEG Displays"
1707,"15ft wide Square Hanging Banner Displays"
1708,"16ft wide Square Hanging Banner Displays"
1315,"Circle Hanging Banner Displays (Replacement Graphics)"
1709,"18ft wide Square Hanging Banner Displays"
24605,"Pop-Up Tension Fabric Displays"
25931,"Hybrid Modular Exhibits"
86,"Hanging Banners & Signs"
11879,"X Frame & L Frame Banner Stands"
30217,"TableTop Banner Stand Displays"
1328,"Circle Hanging Banner Displays (Hardware Only)"
1683,"05ft Diameter Circle Hanging Banner Displays"
1685,"08ft Diameter Circle Hanging Banner Displays"
1686,"10ft Diameter Circle Hanging Banner Displays"
1687,"12ft Diameter Circle Hanging Banner Displays"
1705,"12ft wide Square Hanging Banner Displays"
33745,"Custom Booth Designs"
1710,"20ft wide Square Hanging Banner Displays"
7692,"36in Tabletop Silverstep Banner Stands"
33731,"SEG Displays"
1972,"Waveline Makitso Tension Fabric Displays"
29947,"Hybrid Pro Kit Modular Counters"
163,"Banner Stand Lighting"
501,"EuroFit Tension Fabric Displays"
1664,"Hardware Only"
15463,"5ft, 6ft & 8ft Custom Tents"
1297,"Waveline Replacement Fabric Only"
46049,"All Waveline Kits"
132,"Carry Bags & Hard Cases for Banner Stands"
10708,"Blimp Tower Displays"
284,"5' (2x2) Xpressions SNAP Pop Up Fabric Displays"
286,"8' (3x3) Xpressions SNAP Pop Up Fabric Displays"
399,"Xpressions Express Kits"
1485,"Ellipse Hanging Banner Display Replacement Graphics"
34151,"Vector Frame Hanging Light Boxes (Replaced by Blaze)"
1486,"Football Hanging Banner Display Replacement Graphic"
762,"Stock Classic Cases"
773,"Solo Standard System"
896,"Replacement Graphic for Igniter Light Box Displays"
1305,"5ft to 8ft  Wave Tube Tension Fabric Displays"
1310,"Trade Show Turntables"
22016,"Zoom Flag Accessories"
7562,"Brandcusi Fabric Banner Stand by Makitso"
1332,"Splash Fabric Displays Hardware"
1477,"Replacement Graphic for Classic Tahoe Displays"
21119,"Digital Kiosks - LG Displays"
8076,"50"" Makitso Blade Kiosks"
2010,"2ft EZ Extend"
7938,"Embrace SEG Displays"
46124,"Ultralite SEG Displays"
20806,"Displays Accessories"
7563,"Brandcusi 3D Fabric Banner Stands"
1286,"Show 'N Write Tabletop Panel Displays"
34584,"Backlit WaveLight Casonara Hanging Banners"
1983,"Hardware only for Embrace Popup Tabletop Displays"
34510,"EZ Tube Displays (Graphic Only)"
3478,"OneFabric Pop Up - Replacement Graphic"
4665,"Replacement Graphic for Waveline Merchandisers"
6518,"Monolith Tension Fabric Displays - Hardware Only"
6953,"EZ Fabric Counters - Hardware Only"
85,"Structured Modular Exhibits"
7689,"48in Tabletop Silverstep Banner Stands"
22148,"Free Standing VAIL Frames"
6889,"Replacement Graphic for 20 ft Makitso Waveline Media Displays"
8228,"Rotating Ceiling Display Motors"
16204,"10x10 Tent Canopy Only"
20009,"Rectangle Flags Replacement Graphic Only"
34155,"Vector Frame Modular Towers"
46146,"180mm Free Standing Profiles (VAIL-180DB)"
20993,"Ultra-Thin Wall Mounted Profiles (40S)"
22826,"Aisle Markers & Rail Systems (Aisle Markers, Rail)"
13229,"Vector Frame Backlit Displays"
34078,"Infinity DNA Pro Backlit Displays"
46173,"BrightLine Backlit Displays"
3359,"OneFabric Pop-Up Displays"
1474,"Tahoe Twistlock"
29223,"10 x 10 Hybrid Pro Kit Modular Displays"
33020,"Impress Displays"
1613,"3D Snap Fabric Table Top Displays"
746,"EZ Tube Tabletop Displays"
31203,"Satellite Exhibits (Graphic Only)"
33014,"Inflatable Trade Show Furniture"
1623,"Orbital Express Truss Back Walls Replacement Graphic"
1626,"10ft x20ft Orbital Express Truss Back Walls Replacement Graphic"
34522,"EZ Tube Configuration Displays (Graphic Only)"
34526,"EZ Tube Connect Configuration Panels (Hardware Only)"
45493,"Protection Walls & Barriers"
46116,"10x10 Carpet Flooring"
46069,"Cabo Trade Show Booths Replacement Hardware"
46072,"Church LED Walls"
46104,"Multi-Panel Displays"
46134,"Blaze Freestanding Light Boxes Replacement Graphic"
46165,"Pascale Displays Replacement Graphic"
46189,"Sego8 Modular Lightbox Display (Hardware Only)"
1963,"Backlit Illuminated Displays"
8079,"Banner Stand - Replacement Graphics"
46057,""
1615,"Tapered Square Banner Hanging Signs Replacement Fabric"
77,"10ft Triangle Hanging Banner Displays"
1329,"Triangle Hanging Banners Hardware"
30151,"Formulate Backlit Displays"
265,"12ft x 6ft Rectangle Hanging Banner Displays"
30014,"Multi-Panel Fabric Displays"
188,"Outdoor Signs"
2635,"Printing - Custom"
8217,"Truss Exhibits"
14477,"Truss Exhibits"
46106,"Modular Exhibits"
56,"Circle (Tapered) Overhead Hanging Signs"
740,"Ellipse Overhead Hanging Signs"
884,"Hanging Accessories"
155,"40-49in Retractable Banner Stands"
1629,"Hardware Only"
145,"Molded Freight Shipping Cases for Truss Exhibits"
1636,"Hardware for Hopup Displays"
914,"Fusion 20x20 Tension Fabric Exhibits"
22817,"Drop In Frames"
167,"Case to Counter Kits"
30307,"Backlit Tabletop Displays"
34519,"Show 'N Write Tabletop Panel Displays (Graphic Only)"
45492,"hold"
46123,"LUCID Modular Lightbox Accessories"
54,"Square (Tapered) Banner Hanging Displays"
1970,"8ft & 10ft Formulate Essential and Master Backwall Exhibits"
46234,"Flooring by xyzDisplays"
1721,"16ft Triangle Hanging Banner Displays"
893,"14ft x 7ft Rectangle Hanging Banner Displays"
30016,"Slim Tabletop Displays"
791,"Slatwall Stands"
22825,"Hanging Graphic Hardware"
33013,"Inflatable Trade Show Furniture"
11753,"Backwall Banner Stands"
1978,"Formulate Essential Banner Displays"
1634,"Formulate Display Replacement Fabric Print Only"
894,"4ft Custom Table Throws"
46060,"Unprinted Table Throws"
903,"Counter Kiosks w/ TV Monitor Mounts"
21625,"Structured Custom Counters"
34527,"Vector Frame & Linear Counters"
162,"Displays and Exhibits Lighting"
169,"Hard Displays Cases"
764,"Stock Cases for Business and Travel"
1663,"Graphic Only"
1314,"Flag Accessories"
1459,"Over The Top Tabletop Displays"
15712,"15ft & 20ft Custom Tents"
888,"Waveline Merchandiser Displays"
1299,"8ft & 10ft Waveline Tension Fabric Displays"
46041,"Waveline Tabletop Exhibits"
133,"Spot Lights for Banner Stand"
1610,"Backlit Tower Displays"
10709,"Arches & Conference Walls"
287,"4X3 Metric Xpressions SNAP Pop Up Fabric Displays"
297,"16' Projector Xpressions SNAP Pop Up Displays"
7564,"Replacement Graphic for Xpressions Snap Displays"
1651,"Disc Hanging Banner Displays Frame Only"
1665,"Panel Hanging Sign Hardware"
1600,"Tapered Triangle Trio Hanging Banner Displays Hardware Only"
1962,"Vector Frame Backlit Displays"
34152,"Vector Frames Fabric Counters"
46039,"Vector Frame Monitor Kiosk"
1472,"Replacement Fabric for Curved Square (Quad)"
763,"Stock Tool Boxes"
766,"Omni Display Panel Case"
775,"Accessories"
778,"Solo Modular Counter  Service Stations"
46184,"Pyramid Overhead Hanging Signs Replacement Graphics"
28840,"Fusion Replacement Graphics"
8215,"10 x 20 Custom Truss Designs"
1303,"Micro GeoMetrix Displays Replacement Graphics"
516,"Replacement Graphics"
1307,"20ft Wave Tube Tension Fabric Displays"
33339,"Hardware Only"
1312,"Hanging Rotators"
8225,"Vue-More Turntables"
18101,"Variable Speed Packages"
1670,"Cube Shaped Hanging Banner Replacement Fabric"
7953,"hold"
1335,"Splash Fabric Table Top Hardware"
33007,"Aspen Onyx Tension Fabric Banners"
30303,"Over The Top Tabletop Displays (Graphic & Hadrware)"
1603,"3D Snap Fabric Display Replacement Graphics"
1606,"Digital Kiosks - Makitso Blade"
30316,"Animated Displays"
46090,"Programmable LED Signs"
8078,"65"" Makitso Blade Kiosks"
1620,"EZ Tube Extend Banner Stand Display Replacement Fabric Only"
2012,"4ft EZ Extend"
742,"Vector Frame Fabric Displays"
30308,"Verge SEG Displays"
46042,"QSEG Quick Wall Displays"
46169,"BrightLine & StraightLine Displays"
1654,"Fabric Frame Accessories"
30224,"EuroFit Tension Fabric Banners"
30227,"Hanging Signs"
786,"Replacement Graphic for Rounded Square Hanging Signs"
2015,"20ft Waveline Media Displays"
6583,"Waveline Merchandiser Exhibits"
7937,"Replacement Graphic Only"
22278,"Waveline Air Inflatable Bench"
1984,"Replacement Embrace Graphics"
7951,"Backlit Embrace SEG Displays"
745,"EZ Tube Tension Fabric Displays"
7441,"EZ Tube Fabric Towers"
34521,"EZ Tube Connect Displays"
8713,"Custom Truss Exhibits"
4189,"Alpine Merchandiser Booths"
7023,"Waveline Merchandiser Displays"
5685,"Hardware Only"
1464,"Wallbox Tension Fabric Displays"
6584,"Waveline Merchandisers - Hardware"
6521,"Waveline Backdrops & Panels"
5625,"Replacement Graphic Only"
31652,"Case to Podium Replacement Graphics"
14480,"Slim Tension Fabric Displays"
1455,"Tapered Circle Hanging Banner Replacement Graphics"
21950,"SEG Tension Fabric Displays"
32368,"Standard Truss Exhibits"
53,"Square (Quad) Overhead Hanging Signs"
545,"Panel (Curved) Overhead Hanging Signs"
750,"Football Overhead Hanging Signs"
790,"Rotating Motors for Hanging Displays & Signs"
1671,"Backlit Overhead Hanging Signs"
154,"30-39in Retractable Banner Stands"
1461,"Retractable Banner Stand Hardware"
12127,"hold"
267,"Orbital Express Truss Backwalls"
140,"Tabletop Hopup Displays"
1638,"Hopup Backwall Displays"
913,"hold"
504,"Formulate Tension Fabric Displays"
1598,"Replacement Fabric for Curved Triangle Hanging Signs"
144,"20 x 20 Orbital Express Truss Exhibits"
151,"Custom Table Throws & Runners"
66,"Sign and Graphic Floor Stands"
883,"Hanging  Sign Holders & Frames"
8210,"Multi-Panel Displays"
10710,"Pop-Up Backwall Displays"
28969,"Custom Truss & Modular Exhibits"
276,"Pop UP Displays - Coyote Accessory"
57,"Triangle (Trio) Overhead Hanging Signs"
1300,"20ft Waveline Tension Fabric Displays"
915,"Directors Chairs & Stools"
46063,"Stackable 3D Shapes"
289,"10' Xpressions SNAP Displays"
7935,"Xpressions Snap Displays - Hardware Only"
1666,"Replacement Fabric for Panel Hanging Sign"
1964,"Replacement Graphics"
46101,"Vector Frame Edge Fabric Posters"
1473,"Hardware Only for Curved Square (Quad)"
779,"Solo Modular Counter Display Cases"
46185,"Pyramid Overhead Hanging Signs Replacement Hardware"
8216,"20 x 20 Custom Truss Designs"
518,"Hardware Only"
33340,"Wave Tube Counters"
15278,"Outdoor Turntables"
274,"Brandcusi Fabric Banner Stand"
33012,"EuroFit Tension Fabric Banners"
1465,"Replacement Graphic for Wallbox Fabric Displays"
1607,"Media Displays with TV Mounts"
46128,"Outdoor Digital Kiosks"
33883,"2ft EZ Extend"
899,"Igniter Backlit Displays"
46047,"Charisma SEG Displays"
1655,"ASPEN Fabric Frames Replacement Fabric Only"
30228,"Tabletop Displays"
6885,"Waveline Media Packages"
29425,"Blimp Tower"
30215,"Embrace Tabletop Displays"
7502,"EZ Tube Tabletop Displays"
8714,"Custom Modular Exhibits"
10162,"EuroFit Cascade and Evolution Merchandiser Displays"
6517,"Monolith Tension Fabric Displays"
6888,"Waveline Tension Fabric Displays by Makitso - Packages"
6957,"Backlit Lumiere Light Wall Displays"
21951,"SEG Tension Fabric Displays"
7685,"24in Silverstep Banner Stands"
7755,"Silverstep Banner Stands - Hardware Only"
6886,"Waveline Tension Fabric Displays by Makitso - Hardware"
7948,"Modulate Fabric Displays - Replacement Graphic"
7949,"Modulate Fabric Displays - Hardware Only"
14157,"10x30 Custom Modular Exhibits"
14158,"20x20 Custom Modular Exhibits"
33880,"Backlit Hanging Banner Displays Hardware Only"
15462,"5ft, 6ft & 8ft Custom Printed Replacement Tent Canopies"
17978,"Casita Tent Accessories"
19267,"Feather Flags Hardware Only"
20010,"Razor Falcon Flags Replacement Graphic Only"
21882,"Vector Frame Hardware Only"
33887,"Ultra-Thin Hanging Profiles (40D)"
20994,"100mm Free Standing Profiles (VAIL-100D)"
22019,"Ultra-Thin Hanging Profiles (40D)"
22815,"Hanging SnapFrames Displays"
22828,"Hanging Sign Straight Bars"
22832,"Tabletop Mounts"
13906,"Embrace Backlit Displays"
46061,"Dazzle Backlit LED Displays"
46109,"SEGO Modular Lightbox Display"
83,"Magnetic Panel Pop-Up Displays"
147,"Hopup Trade Show Displays"
33536,"Star Fabric Pop-Up Displays"
281,"Xpressions Snap Pop Up Displays"
31202,"Satellite Exhibits"
46164,"Pascale Displays"
29225,"10 x 10 Hybrid Pro Modular Displays Hardware Only"
29298,"Observe Sign Stands (Hardware Only)"
29948,"Hybrid Pro Modular Counters (Graphic Only)"
94,"OneFabric Tension Fabric Tabletop Displays"
1981,"Embrace Tabletop Displays"
33337,"Wave Tube Tabletop Displays"
30309,"Verge SEG Displays (Graphic Only)"
31522,"Creative Backlit Displays (Hardware Only)"
33001,"Econotube Tension Fabric Banner Stand"
33537,"Star Fabric Popup Displays (Hardware Only)"
1621,"10x10 Orbital Express Truss Hardware Only"
1628,"20ft x 20ft Island Orbital Express Truss Back Walls Replacement Graphic"
1619,"Replacement Fabric"
514,"EZ Tube Connect Backlit Displays (Hardware Only)"
33004,"EZ Stand Tension Fabric Banner Stand"
34580,"WaveLight LED Backlit Displays"
511,"Designer & Custom Face Masks"
261,"10ft x 5ft Rectangle Hanging Banner Displays"
751,"Triangle (Curved Trio) Overhead Hanging Signs"
1693,"Eye Shaped Overhead Hanging Signs"
1463,"Replacement Banners Only"
11445,"Backwall Banner Stand Displays - Hardware Only"
1285,"Custom Orbital Express Truss Exhibit Designs"
30084,"Backlit Hopup Displays"
1676,"10ft Formulate Designer Series Displays"
895,"Round Custom Table Throws"
1635,"Large Trade Show Counters"
46035,"Solo Trade Show Counters"
170,"Freight Molded Cases"
505,"Modulate Tension Fabric Displays"
18775,"Feather Flags"
15774,"Tent Accessories"
1616,"Tapered Square Banner Hanging Signs Frame Only"
1480,"Pinwheel Hanging Banner Displays Replacement Fabric"
168,"Small Trade Show Counters"
33343,"Counters w/ Lockable Doors"
164,"Lighting Accessories"
502,"EZ Tube Tension Fabric Displays"
30232,"Outdoor Flags & Tents"
15465,"10x10 Custom Tents"
1298,"08ft Waveline Tension Fabric Displays"
46058,"Brandcusi Fabric Banner Stand"
285,"5' (2x3) Xpressions SNAP Pop Up Fabric Displays"
298,"11'  6 Quad Pyramid Xpressions SNAP Pop Up Dispplays"
1652,"Replacement Fabric for Disc Hanging Banner Displays"
1599,"Hardware Only for Curved Triangle Hanging Signs"
765,"Stock Photography Cases"
68,"Xclaim Fabric Popup Displays Hardware Only"
772,"Solo Quattro System"
28335,"Accessories"
8221,"Larger Custom Truss Designs"
31137,"TV Monitor Stands & Kiosks"
46177,"Wave Tube Modular Booth Kits"
22015,"Creative Flag Accessories"
6455,"Waveline Banner Stand Displays"
1331,"Splash Fabric Displays Replacement Graphic"
1476,"Tahoe Twistlock Exhibits"
2569,"Digital Kiosks & Displays - US Made by Peerless"
8075,"40"" Makitso Blade Kiosks"
33886,"5ft EZ Extend"
7694,"VAIL Fabric Frames"
46103,"LUCID Modular Lightbox Displays"
1662,"Replacement Graphics Only"
1673,"Backlit Hanging Banner Displays Replacement Fabric Only"
912,"Horizon Folding Panels Table Top Display"
7501,"hold"
1982,"Replacement Graphic for Embrace Popup Tabletop Displays"
34577,"Backlit WaveLight Casonara Displays"
34083,"EZ Extend Circle Displays"
2634,"Digital Wall Enclosures"
6457,"Replacement Fabric"
46050,"Waveline Merchandiser Kits"
6961,"Replacement Graphics for Lumiere Displays"
7688,"48in Silverstep Banner Stands"
22147,"Backlit VAIL Frames"
6887,"Replacement Graphic for Waveline Tension Fabric Displays by Makitso -"
8227,"Rotating Display Turntables"
16449,"10x10 Frames & Canopies"
19822,"Teadrop Flags Hardware Only"
21885,"Backlit Vector Frame Displays"
25741,"Backlit Free Standing Profiles (VAIL-120DB)"
22818,"Tabletop Counter Drop In Sign Holders"
22834,"Visual Merchandising Clamps"
13659,"Lumiere Backlit Displays"
30149,"Hopup Backlit Displays"
46163,"Infinity LED Light Box Display Stands"
84,"OneFabric Eco-Friendly Pop-Up Displays"
747,"RPL & Ready Pop Up Displays"
788,"Geometrix Fabric Displays"
28079,"10 x 20 Hybrid Pro Modular Displays"
29230,"20 x 20 Hybrid Pro Modular Displays Graphic Only"
292,"Xpressions SNAP Tension Fabric Tabletop Displays"
33535,"Star Fabric Popup Tabletop Display"
30314,"Bombora Three Dimensional Displays (Graphic Only)"
33009,"Aspen Onyx Tension Fabric Banner Stand"
1627,"20ft x 20ft Island Orbital Truss - Hardware Only"
34512,"EZ Towers (Graphic Only)"
34515,"EZ Fabric Barrier Displays (Hardware Only)"
624,"Customized Face Covers"
46062,"Flooring Accessories"
46065,"Dazzle Backlit LED Displays - Replacement Graphics"
46076,"Pop-Up Displays"
46096,"Timberline Monitor Displays"
46158,"LUCID Modular Lightbox Display Replacement Hardware"
46131,"Blaze Freestanding Light Boxes"
46157,"MODify Retail Displays (Hardware Only)"
744,"BrightLine & StraightLine (Hardware Only)"
78,"12ft Triangle Hanging Banner Displays"
1720,"15ft Triangle Hanging Banner Displays"
266,"20ft x 10ft Rectangle Hanging Banner Displays"
30015,"Pop-up Tabletop Displays"
540,"Floor-Standing Rigid Graphic Holders"
22824,"Magnetic Displays"
29428,"Display Flood Light"
8211,"Slim Tension Fabric Displays"
8218,"Structured Modular Exhibits"
14478,"Structured Modular Exhibits"
134,"Coyote Full Fabric Popup Displays"
273,"Coyote Full Mural Graphics Popup Displays"
55,"Pinwheel Three-Sided Overhead Hanging Signs"
741,"Triangle (Tapered) Overhead Hanging Signs"
1322,"Square (Cube) Overhead Hanging Signs"
157,"50in+ Retractable Banner Stands"
1630,"Replacement Banners Only"
11322,"Backwall Banner Stand Displays - Replacement Graphic Only"
146,"Orbital Truss Accessories and Replacement Parts"
1637,"Replacement Hopup Graphics"
1633,"Formulate Display Hardware Only"
1642,"Snap Frames Cube & Prism Towers"
1601,"Tapered Triangle Trio Hanging Sign Display Replacement Graphics"
46038,"Vector Frame Dynamic Light Boxes"
520,"Hardware Only"
46155,"20ft x 20ft Trade Show Booth (Graphic Only)"
161,"Shipping & Display Cases"
30306,"Formulate Table Top Tension Fabric Displays"
1458,"Over The Top Tabletop Displays"
180,"Sign and Poster Frames"
885,"Sky Testrite Aluminum Frames"
153,"Literature Stands"
10831,"4-Sided Displays"
32304,"Custom Modular Exhibits"
52,"Circle (Round Tube) Overhead Hanging Signs"
1471,"Fabric Tower Displays (Replacement Fabric Only)"
283,"Xpressions Snap Accessories"
296,"11' Argyle Xpressions SNAP Displays"
23532,"Backlit Wall Mounted Displays"
1483,"Ellipse Hanging Banner Displays Hardware Only"
34150,"Vector Frame Modular Towers"
1484,"Football Shaped Hanging Banner Displays Hardware Only"
760,"Stock Fabricated Shipping Cases"
776,"Solo Modular Counter Demo Stations"
1674,"Designer Series Ceiling Hanging Signs Hardware Only"
28841,"Fusion Hardware Only"
1468,"Micro GeoMetrix Displays Replacement Frames (Hardware)"
33336,"Wave Tube Tabletop Displays"
1313,"Frame-Style Rotators"
1321,"Energy Accessories"
32936,"Econotube Tension Banner Stand"
30299,"Over The Top Tabletop Displays (Graphic Only)"
892,"Touch Screen Interactive Table Displays"
31138,"TV, iPad & Tablet Stands"
9980,"Accessories for Digital Kiosks"
2013,"5ft EZ Extend"
33010,"SEGO Modular Lightbox Display"
30225,"Arches and Towers"
1697,"Hexagon Formulate 3D Hanging Banner Displays Hardware Only"
5446,"Waveline Media Panels"
9737,"Backlit WaveLight Displays"
1985,"Hardware for Embrace Displays"
1612,"EZ Extend Fabric Banner Stands"
34524,"EZ Tube Connect Panels"
4427,"Waveline Merchandiser Exhibits"
1659,"Fabric Counters Frame Only"
6585,"Waveline Merchandisers - Replacement Graphic"
6954,"EZ Fabric Counters - Graphic Only"
14482,"Backlit Illuminated Displays"
7691,"60in Tabletop Silverstep Banner Stands"
22150,"VAIL SEG Frame Hanging Displays"
7945,"10ft Modulate Fabric Displays"
7946,"20ft Modulate Fabric Displays"
8230,"Battery Operated Turntables & Motors"
13911,"10x10 Custom Modular Exhibits"
11817,"Spring Back Banner Stands - Graphic Only"
33881,"Backlit Hanging Banner Displays Replacement Fabric Only"
15897,"Creative Tent Accessories"
18224,"Zoom Tent Accessories"
19824,"Razor Falcon Flags Hardware Only"
1326,"Vector Frame & Linear Counters"
34156,"Vector Frame Hanging Light Boxes"
33888,"Thin Hanging Profiles (60D)"
22151,"Backlit Wall Mounted Profiles (80S)"
22020,"Thin Hanging Profiles (60D)"
22827,"Hanging Sign Frames"
22829,"Hanging Hardware"
13352,"WaveLight Backlit Displays"
13782,"Modular Fabric Illuminated Backwall Displays"
34576,"WaveLight Casonara SEG Backlit Displays"
46092,"Wave Tube & Flow Motion Dynamic Displays"
46182,"RPL Backlit Displays"
24732,"Multi-Panel Tension Fabric Displays"
34507,"Lumiere SEG Pop-Up Display"
27699,"Hybrid Pro Modular Exhibits"
34084,"Modco Modular Displays"
29224,"10 x 10 Hybrid Pro Modular Displays Graphic Only"
29226,"10 x 20 Hybrid Pro Kit Modular Displays"
29297,"Observe Sign Stands (Graphic Only)"
29426,"Blimp Tower (Graphic Only)"
93,"Hopup Tabletop Displays"
748,"RPL & Ready Pop Table Top Displays"
30235,"Eurofit Tension Fabric Tabletop Displays"
271,"Coyote Full Fabric Tabletop Popup Displays"
31204,"Satellite Exhibits (Hardware Only)"
31523,"Creative Backlit Displays (Graphic Only)"
33015,"Inflatable Trade Show Furniture"
33538,"Star Fabric Popup Displays (Graphic Only)"
513,"EZ Tube Connect Backlit Displays (Graphic Only)"
34525,"EZ Tube Connect Configuration Panels (Graphic Only)"
1469,"EZ Tube Frame Only"
34579,"WaveLight Casonara SEG Backlit Displays"
34582,"WaveLight Inflatable Towers & Counters"
45592,"Modulate Sneeze Guard Walls"
46043,"QSEG Quick Wall Displays Replacement Graphic"
46117,"10x20 Carpet Flooring"
46111,"10x10 Vinyl & Hardwood Floors"
262,"08ft x 4ft Rectangle Hanging Banner Displays"
544,"Panel (S-Curve) Overhead Hanging Signs"
785,"Funnel & Cone Overhead Hanging Signs"
129,"15-24in Retractable Banner Stands"
12065,"Telescopic Retail Banner Stand Displays - Hardware Only"
143,"10 x 20 Orbital Express Truss Exhibits"
127,"Hopup Dimension Kits"
908,"Fabric Tower Displays"
46059,"Long Custom Table Throws"
10285,"Backlit Counters"
46170,"Custom Table Throws & Runners"
269,"Hard Tube Graphic Cases"
46149,"Avalon Tension Fabric Trade Show Booth Kits"
185,"Outdoor Promotional Flags & Stands"
46172,"Outdoor Kits"
31588,"Custom Waveline Exhibits"
33747,"Fabric Arches"
1660,"EuroFit Tension Fabric Displays"
74,"08ft Triangle Hanging Banner Displays"
1723,"20ft Triangle Hanging Banner Displays"
1668,"Rectangle Hanging Sign Replacement Fabric"
46190,"Tabletop Signs"
882,"Table Top SignHolders"
18777,"Rectangle Flags"
30234,"Crowd Control Barriers"
1323,"Waveline Tension Fabric Panels"
1631,"Formulate Table Top Displays Hardware Only"
293,"8' 5 Quad Metric Xpressions SNAP Displays"
13909,"Backlit Trade Show Towers"
1482,"S-Curve Hanging Banner Displays Replacement Graphics"
7941,"Vector Frame SEG Fabric Displays"
30305,"Boulevard Banners (Hardware Only)"
756,"Stock Carrying Cases"
770,"Solo System"
1650,"Solo Magic Line Counters"
1302,"Geometrix Fabric Displays Replacement Graphics"
8219,"10 x 15 Custom Truss Designs"
1609,"Accessories"
33341,"Wave Tube Tension Fabric Banner Stand"
46045,"Heavy Duty Turntables"
1611,"EZ Extend Banner Stands"
33342,"Wave Tube Tension Banner Stand"
1466,"Frame Only for Wallbox Fabric Displays"
1608,"Makitso Mini Blade Series"
1640,"Digital Towers & Columns - Makitso Blade Series"
33884,"3ft EZ Extend"
1657,"ASPEN Fabric Displays"
46067,"Cabo Trade Show Booths"
1656,"ASPEN Fabric Frames Hardware Only"
45001,"EuroFit Evolution Displays"
150,"ShowStyle Table Top Briefcase Display"
7021,"Waterfall Shelving Displays"
34079,"Waveline Infinity Displays"
30216,"Embrace SEG Pop-Up Counters"
20683,"EZ Tube Fabric Barrier Displays"
2632,"Portrait Digital Kiosks"
30311,"Bombora Three Dimensional Displays"
6891,"20ft Waveline Media Displays Kits"
6958,"Lumiere SEG Pop-Up Displays"
7686,"24in Tabletop Silverstep Banner Stands"
8147,"VAIL Accessories"
2016,"Replacement Graphic for 10 ft Makitso Waveline Media Displays"
31524,"Crowd Control Barriers (Graphic Only)"
14159,"Large Custom Modular Exhibits"
15464,"5ft, 6ft & 8ft Canopy Tent Hardware"
18652,"Makitso Tent Accessories"
21881,"Vector Frames Non-Backlit Fabric Displays"
20868,"Free Standing Backlit Profiles (VAIL-120DB)"
27319,"Waveline Air Bench Accessories"
22831,"Floor Mounts"
13905,"Igniter Backlit Displays"
46108,"LUCID Modular Lightbox Displays"
135,"Lighting for Pop-Up Displays"
46159,"Salto Pop-Up Displays"
46081,"Timberline Displays"
29427,"Blimp Tower (Hardware Only)"
1333,"Splash and Verge Popup Tabletop Displays"
272,"Coyote Full Mural Tabletop Popup Displays"
33000,"Econotube Tension Fabric Banner Stand"
34081,"HOLD"
1618,"Hardware Only"
1336,"EZ Tube Display Replacement Graphics"
34583,"WaveLight Casonara Backlit Hanging Banners"
769,"Solo Modular Counters"
46066,"QSEG Quick Wall Displays Replacement Hardware"
46118,"Custom Printed Mats and Carpets"
46112,"10x20 Vinyl & Hardwood Floors"
46077,"Twist Counters and Showcases"
46078,"Twist Kiosks"
46080,"Twist Tables"
46083,"Replacement Graphics for Timberline Displays"
46084,"Timberline Displays with Closet"
46086,"30 Foot Timberline Displays"
46119,"Pozelite Backlit Light Boxes (Hardware Only)"
46125,"Ultralite SEG Display Accessories"
46136,"Blaze Wall Mounted Light Boxes Replacement Graphic"
46137,"Blaze Wall Mounted Light Boxes Replacement Hardware"
46138,"Blaze Hanging Light Boxes Replacement Graphic"
46150,"10ft x 10ft Avalon Trade Show Booth Kits"
46152,"20ft x 20ft Avalon Trade Show Booth Kits"
88,"Backlit BrightLine Kits"
89,"StraightLine Kits"
90,"BrightLine Backlit Panels"
46188,"Backlit BrightLine Kits"
46180,"Origami Truss (Graphic Only)"
46181,"Origami Truss (Hardware Only)"
22835,"Aluminum Slatwall Displays"
8209,"Pop-Up Backwall Displays"
28905,"Custom Truss & Modular Exhibits"
510,"Waveline Exhibits"
190,"OneFabric Pop Up Tension Fabric Displays (Graphic Only)"
59,"Vinyl Hanging Banner Displays"
782,"Pinwheel Four-Sided Overhead Hanging Signs"
1701,"Square (Rounded) Overhead Hanging Signs"
9858,"Illuminated Retractable Banners"
138,"Linear 20 ft Hybrid Displays"
34506,"Orbital Express Truss Replacement Graphic"
279,"Formulate Accents Walls"
1678,"hold"
5922,"Hardware Only"
46079,"Formulate Counters"
173,"Cases for Banner Stands"
507,"Waveline Makitso Displays"
11508,"Step & Repeat Banner Displays"
898,"6ft Custom Table Throws"
506,"Waveline BrandStand Displays"
18776,"Teardrop Flags"
30231,"Outdoor Banner Stands"
1301,"WaveLine Media Displays"
46144,"Coyote Full Mural Graphics Tabletop Popup Displays"
46140,"MODify Retail Displays"
290,"8' 3Quad Pyramid Xpressions SNAP Pop Up Displays"
13908,"Backlit Overhead Hanging Banners & Signs"
1481,"S-Curve Hanging Banner Displays Hardware Only"
1965,"Hardware for Vector Frames"
30304,"Boulevard Banners (Graphic Only)"
1696,"Hexagon Shaped Overhead Hanging Signs"
902,"Replacement Graphic for Xclaim Fabric Popup Displays"
777,"Solo Modular Counter Work Stations"
1700,"Replacement Graphic for Pinwheel Four-Sided Hanging Banner Displays"
1675,"Designer Series Ceiling Hanging Signs Replacement Fabric"
8214,"10 x 10 Custom Truss Designs"
28207,"Accessories"
33338,"Replacement Graphics"
1317,"Turntable Accessories"
1669,"Cube Shaped Hanging Sign Displays Hardware Only"
33002,"EZ Stand Banner Stands & Displays"
30300,"Over The Top Tabletop Displays (Hadrware Only)"
1605,"Digital Kiosks - UV"
46056,"Quick Ship Digital Kiosks"
1617,"EZ Extend Banner Stands Hardware Only"
72,"WaveLight Casonara Backlit Displays"
34080,"Infinity SEG Displays"
46171,"Sego8 Modular Lightbox Display"
46178,"Origami Truss"
30226,"Counters"
1698,"Replacement Graphic for Hexagon Formulate 3D Hanging Banner Displays"
6522,"Accessories"
10286,"Backlit WaveLight Counters"
7950,"Embrace SEG Pop-Up Displays"
7438,"EZ Tube Fabric Counters"
46040,"EZ Tube Kicktail Displays"
21561,"Backlit Counters - Hardware Only"
6882,"Waveline Merchandisers Accessories"
21560,"Backlit Counters - Graphic Only"
14483,"Custom Truss & Modular Exhibits"
7693,"Silverstep Banner Stands Accessories"
6884,"Waveline Panel Systems - Hardware"
7947,"30ft Modulate Fabric Displays"
14156,"10x20 Custom Modular Exhibits"
16142,"10x10 Frame Only"
19823,"Rectangle Flags Hardware Only"
34154,"Vector Frame Essential Light Boxes"
20992,"Thin Wall Mounted Profiles (60S)"
22820,"Floor Standing Drop In Sign Stands"
46168,"Blaze Light Box Displays"
73,"Vector Frame Essential Light Boxes"
1980,"Embrace SEG Pop-Up Displays"
136,"Linear Hybrid Displays"
29883,"Hybrid Pro Modular Counters"
33019,"Impress Displays"
1289,"Micro GeoMetrix Pop-Up Fabric Displays"
278,"Formulate Table Top Tension Fabric Displays"
46191,"Dynamic Animated LED Backlit Displays (Graphic Only)"
46162,"SEGO Modular Lightbox Display Hardware"
1622,"10x10 Orbital Express Truss Replacement Graphic"
34517,"EZ Extend Circle Displays (Graphic Only)"
34523,"EZ Tube Configuration Displays (Hardware Only)"
45489,"Social Distancing Floor Decals"
46115,"20x20 Carpet Flooring"
46068,"Cabo Trade Show Booths Replacement Graphic"
46071,"Indoor LED Walls"
46089,"Slim Tension Fabric Displays"
46095,"Full Color LED Signs 16mm"
46133,"Blaze Hanging Light Boxes"
46143,"Outdoor Fabric Flags Hardware Only"
46148,"VAIL Free Standing SEG Displays (180mm Profile) - Hardware Only"
46161,"Salto Fabric Displays Replacement Hardware"
46175,"Sego8 Modular Lightbox Display (Accessories)"
46,"Exhibits & Displays"
71,"20x20 Trade Show Displays and Booths"
149,"Formulate Tension Fabric Displays"
33748,"Fabric Towers"
4011,"Merchandiser Exhibits"
1479,"Pinwheel Hanging Banner Displays Hardware Only"
264,"16ft x 8ft Rectangle Hanging Banner Displays"
1318,"Triangle Hanging Banners - Replacement Graphics"
27635,"Backlit Tabletop Displays"
182,"Sign Holders & Frames"
270,"Trade Show Furniture"
8213,"Backlit Illuminated Displays"
14476,"Backlit Illuminated Displays"
509,"Formulate Fusion Exhibits"
1320,"Energy Pop Up Trade Show Displays"
58,"Rectangle Overhead Hanging Signs"
752,"Square (Curved Quad) Overhead Hanging Signs"
7684,"Silverstep Retractable Banner Stands"
137,"Linear 10 ft Hybrid Displays"
179,"Formulate Tension Fabric Counters"
1677,"20ft & 30ft Formulate Designer Series Displays"
5565,"Waveline InfoDesk Counters"
46074,"Twist Displays"
172,"Molded Case to Counter Kits"
5083,"Geometrix Merchandiser Displays"
31458,"Creative Backlit Displays"
897,"8ft Custom Table Throws"
22814,"SnapFrames Displays"
34505,"Orbital Express Truss Hardware Only"
755,"Stock Wheeled Cases"
51,"Banner Stands"
64,"14ft Triangle Hanging Banner Displays"
75,"05ft Triangle Hanging Banner Displays"
263,"18ft x 9ft Rectangle Hanging Banner Displays"
508,"Wave Tube Tension Fabric Displays"
30302,"Portable Bars"
1324,"Waveline Accessories"
906,"Fabric Tower Displays (Hardware Only)"
1632,"Formulate Table Top Displays Replacement Graphic"
294,"15' 10 Quad Pyramid Xpressions SNAP Displays"
13910,"Backlit Trade Show Counters"
1681,"Curve Hanging Banner Displays Replacement Graphics"
30085,"Vector Frame Display Kits"
8471,"Hardware for RPL & Ready Pop Up Displays"
757,"Stock Military Spec. Cases"
774,"Solo Modular Counter Kits"
1699,"Pinwheel Four-Sided Hanging Banner Displays Hardware Only"
900,"Igniter Light Box Displays Hardware"
34520,"Show 'N Write Tabletop Panel Displays (Hardware Only)"
1306,"10ft Wave Tube Tension Fabric Displays"
1311,"Display Turntables"
22017,"Accessories for Falcon, Sunbird, Mondo, Mamba, Splash Flags"
7952,"Modulate Magnetic Banners"
1334,"Splash Fabric Tabletop Replacement Graphic"
1478,"Tahoe Twistlock Accessories & Parts"
22468,"Wall Mounted Commercial Displays by United Visual"
8077,"58"" Makitso Blade Kiosks"
2011,"3ft EZ Extend"
29295,"Creative SEG Displays"
46130,"Blaze Light Box Displays"
30223,"Display Walls"
1694,"Eye Shaped Hanging Banner Displays Hardware Only"
1695,"Replacement Graphic for Eye Shaped Hanging Banner Displays"
1680,"Rounded Corner Square Hanging Banner Displays Hardware Only"
1971,"8ft & 10ft Waveline Displays"
7936,"Hardware Only"
46044,"Waveline Banner Stands"
503,"EZ Tube Connect Backlit Displays"
34511,"EZ Tube Displays (Hardware Only)"
3656,"OneFabric Pop Up - Hardware"
46176,"Shelving & Hanging Rack Displays"
4785,"Hardware for Waveline Merchandisers"
1658,"Replacement Fabric Only for Counters"
14479,"Pop-Up Backwall Displays"
7690,"60in Silverstep Banner Stands"
22149,"Wall Mounted VAIL Frames"
2017,"10 ft Waveline Media Displays by Makitso - Hardware"
7943,"Modulate Banner with Magnetic Frame"
8229,"Wall Mounted Display Turntables"
16817,"15ft and 20ft Tent Frame Only"
19947,"Teardrop Flags Replacement Graphic Only"
34153,"Vector Frame Display Kits"
22819,"Hanging Drop In Sign Frames"
67,"EZ Tube Connect Backlit Displays"
30150,"Formulate Backlit Displays"
1602,"3D Snap Fabric Displays"
28080,"20 x 20 Hybrid Pro Modular Displays"
29231,"20 x 20 Hybrid Pro Modular Displays Hardware Only"
901,"Xclaim Fabric Popup Table Top Displays"
259,"Waveline Tension Fabric Tabletop Displays"
30315,"Bombora Three Dimensional Displays (Hardware Only)"
1966,"10x20 Orbital Express Truss Hardware Only"
34516,"EZ Fabric Barrier Displays (Graphic Only)"
34518,"EZ Extend Circle Displays (Hardware Only)"
29296,"Free Standing Sign Stands"
46054,"Carpet"
46097,"Custom Printed Floor Mats"
46113,"20x20 Vinyl & Hardwood Floors"
87,"4-Sided Tension Fabric Displays"
46085,"Backlit Illuminated Displays"
46087,"20 Foot Timberline Displays"
46094,"Scrolling LED Signs"
46126,"Ultralite SEG Graphic Only"
46132,"Blaze Wall Mounted Light Boxes"
46139,"Blaze Hanging  Light Boxes Replacement Hardware"
46142,"Outdoor Fabric Flags Graphic Only"
46153,"10ft x 10ft Trade Show Booth (Graphic Only)"
46160,"Salto Fabric Displays Replacement Graphic"
91,"StraightLine Panels"
46174,"Sego8 Modular Lightbox Display (Graphic Only)"
6041,"4-Sided Tension Fabric Displays"
1713,"Folding Panel Tabletop Displays"
181,"Display Easels"
22813,"SignPost"
160,"Trade Show Lighting"
8212,"4-Sided Tension Fabric Displays"
14475,"Slim Tension Fabric Displays"
28970,"Custom Truss Exhibits"
400,"OneFabric Pop Up Tension Fabric Displays (Hardware Only)"
542,"Disc Overhead Hanging Signs"
783,"Designer Series Overhead Hanging Signs"
22018,"VAIL SEG Frame Hanging Displays"
30019,"Double-Sided Retractable Banner Stands"
139,"Linear Monitor Kiosks"
46102,"Custom Aluminum Truss Designs"
787,"10ft Vibe Tension Fabric Displays"
1968,"20ft Formulate Master  Backwall Displays"
1639,"Trade Show Table Runners"
6952,"EZ Fabric Counters"
46098,"Counters with Shelves"
176,"Extra Long Bags and Cases (50in+)"
18778,"Razor & Falcon Flags"
46167,"Sego8 Modular Lightbox Display"
1330,"Splash Pop-Up Displays"
33011,"SEGO Modular Lightbox Display"
1456,"Tapered Circle Hanging Banner Hardware Only"
1722,"18ft Triangle Hanging Banner Displays"
46141,"Flagpole  Flags"
46091,"Programmable LED Signs"
1724,"Waveline Displays Hardware"
46145,"Coyote Full Mural Graphics Tabletop Popup Displays (Hardware Only)"
1470,"Fabric Tower Displays"
282,"3' (1x3) Xpressions Snap Fabric Pop Up Displays"
1667,"Rectangle Hanging Banner Hardware"
295,"10' (4x4) Xpressions SNAP Displays"
22964,"Backlit Booths & Exhibits"
1682,"Curve Hanging Banner Displays Hardware Only"
34085,"Vector Frame Essential Light Boxes"
8592,"Graphics for RPL & Ready Pop Up Displays"
759,"Stock Molded Shipping Cases"
771,"Solo Evolution System"
1467,"Geometrix Fabric Displays Hardware Only"
8220,"10 x 30 Custom Truss Designs"
31136,"Tablet / IPad Holders and Kiosks"
46064,"Wave Tube Dynamic Display"
46046,"Wall Mounted Turntables"
1979,"Formulate Essential Tension Fabric Banners"
34082,"EZ Extend Circle Displays"
515,"Hardware Only"
2384,"Digital Kiosks - SmartMedia"
8074,"32"" Makitso Blade Kiosks"
33885,"4ft EZ Extend"
6956,"Lumiere Light Wall SEG Pop-Up Displays"
46093,"Modco Modular Displays"
1672,"Backlit Hanging Banner Displays Hardware Only"
277,"Voyager Panel Briefcase Tabletop Displays"
7022,"Waveline InfoDesk Counters"
34508,"Backlit WaveLight Counters & Towers"
46053,"Embrace SEG Pop-Up Displays (All Kits)"
33006,"EZ Stand Fabric Displays"
2633,"All-In-One 55'' Touch Screen Kiosk"
519,"Graphic Only"
6456,"Hardware Only"
6519,"Replacement Graphic for Monolith Tension Fabric Displays"
6892,"10 ft Waveline Media Displays by Makitso - Packages"
6960,"Hardware for Lumiere Displays"
7687,"36in Silverstep Banner Stands"
20869,"VAIL Non-Backlit Fabric Frames"
6883,"Waveline Panel Systems - Replacement Graphic"
8226,"Skeleton Display Turntables"
10953,"Spring Back Banner Stands - Hardware only"
17001,"15ft and 20ft Tent Canopies Only"
19329,"Feather Flags Replacement Graphic Only"
21883,"Vector Frame Graphics"
21056,"120mm Free Standing Profiles (VAIL-120D)"
22816,"Floor Standing SnapFrame Displays"
22833,"Poster SignHolders"
30020,"VAIL Backlit Displays"
46110,"Pozelite Backlit Light Boxes"
280,"VBurst Pop-Up Displays"
767,"Xclaim Fabric Popup Displays"
28015,"10 x 10 Hybrid Pro Modular Displays"
29227,"10 x 20 Hybrid Pro Modular Displays Graphic Only"
29228,"10 x 20 Hybrid Pro Modular Displays Hardware Only"
29229,"20 x 20 Hybrid Pro Kit Modular Displays"
30017,"Coyote Tabletop Displays"
30310,"Verge SEG Displays (Hardware Only)"
33008,"Aspen Onyx Tension Fabric Banner Stand"
1624,"Orbital Express Truss Back Walls Hardware Only"
33003,"EZ Stand Tension Fabric Banner Stand"
34513,"EZ Towers (Hardware Only)"
512,"Custom Hand Sanitizer Station"
46055,"Vinyl and Hardwood"
46073,"Outdoor LED Walls"
174,"SEG Tension Fabric Displays"
46105,"Backwall Banner Stands"
46088,"10 Foot Timberline Displays"
46122,"LUCID Modular Lightbox Display Replacement Graphic"
46127,"Ultralite SEG Hardware Only"
46135,"Blaze Freestanding Light Boxes Replacement Hardware"
46156,"MODify Retail Displays (Graphic Only)"
46147,"VAIL Free Standing SEG Displays (180mm Profile) - Graphic Only"
46151,"10ft x 20ft Avalon Trade Show Booth Kits"
46154,"10ft x 20ft Trade Show Booth (Graphic Only)"
46187,"BrightLine Backlit Panels"
69,"10x10 Trade Show Displays"
30018,"Retractable Banner Stands"
792,"Sign Accessories"
22830,"Rigid Graphic Stands"
45490,"Branded Safety Products"
21949,"SEG Tension Fabric Displays"
32303,"Hybrid Pro Exhibits"
47,"Tension Fabric Overhead Hanging Signs"
543,"Panel (Straight) Overhead Hanging Signs"
784,"Pyramid Overhead Hanging Signs"
123,"Tabletop Retractable Banner Stands"
12003,"Telescopic Retail banner Stand Displays - Graphic Only"
142,"10 x 10 Orbital Express Truss Exhibits"
46179,"Origami Truss"
907,"Arches & Conference Walls"
1969,"All Formulate Kits"
22821,"Backlit Table Throws"
6955,"Replacement Graphics"
46100,"Tables & Custom Covers"
177,"Soft Carry Bags"
46052,"Tension Fabric Banner Stands"
1661,"Hardware Only"
29949,"Hybrid Pro Modular Counters (Hardware Only)"
46166,"Pascale Displays Replacement Hardware"
92,"BrightLine & StraightLine (Graphic Only)"
1688,"14ft Diameter Circle Hanging Banner Displays"
1691,"20ft Diameter Circle Hanging Banner Displays"
11137,"03ft & 4ft Diameter Circle Hanging Banner Displays"
1319,"Square Hanging Banners - Replacement Graphics"
46195,"SEG Banner Stands"
46225,"10ft Tall Banner Stands"
1689,"16ft Diameter Circle Hanging Banner Displays"
1690,"18ft Diameter Circle Hanging Banner Displays"
1692,"15ft Diameter Circle Hanging Banner Displays"
46233,"Extra-Large Rectangle Hanging Banner Displays"
46220,"6ft Custom Table Throws"
46221,"8ft Custom Table Throws"
22837,"Accessories (Brochure Holders, Frame Accessories, SignHolder Grippers)"
7756,"Silverstep Banner Stands - Graphic Only"
6890,"20 ft Waveline Media Displays by Makitso - Hardware Only"
46212,"Waveline Original Banner Stands"
46206,"Journey SEG Displays"
46232,"Avalon Booth Kits 10x10"
46231,"BannerBug Retractable Banner Stands"
46218,"Waveline BrandStand Tension Fabric Displays"
46219,"Boulevard Street Pole Banners"
46217,"Crowd Control Barriers"
46211,"Backlit Modular Exhibits"
46194,"Flow Motion Dynamic Displays"
46224,"10ft Tall Displays for 10ft Spaces"
46222,"10ft Tall Displays for 20ft Spaces"
46200,"Panel (L-Shaped) Overhead Hanging Signs"
46226,"10ft Tall Tower Displays"
46216,"Backlit Tension Fabric Banner Stands"
46209,"Astra SEG Backlit Displays"
46223,"10ft Tall Displays for 30ft Spaces"
46192,"Vector Frame Essential Light Boxes"
46230,"Ultra Thin Wall Mounted Lightboxes"
46197,"Hybrid Pro Modular Closet"
46213,"Exhibitline & Xvline Displays"
46205,"Astra Backlit Displays (Hardware Only)"
46227,"Backlit Wall Mounted Profiles (80S)"
46215,"Exhibitline Kiosks"
46201,"Replacement Fabric for L-Shaped Panel Hanging Sign"
46208,"Journey SEG Displays (Hardware Only)"
46228,"Blaze Wall Mounted Light Boxes"
46199,"Hybrid Pro Modular Closet Hardware Only"
46210,"SEGO Modular Lightbox Display (Hardware Only)"
46202,"L-Shaped Panel Hanging Sign Hardware"
46229,"Igniter Backlit Wall Mounted Displays"
46214,"Exhibitline & Xvline Counters"
46207,"Journey SEG Displays (Graphic Only)"
46203,"Astra Backlit Displays"
46198,"Hybrid Pro Modular Closet Graphic Only"
46196,"20ft x 20ft BrightLine Backlit Trade Show Island Booths"
46204,"Astra Backlit Displays (Graphic Only)"